0.3311,0.418,0.25484,0.3771,0.1714,0.3582,0.10272,0.1364,0.10054,0.1
0.4627,0.4886,0.40138,0.4738,0.33072,0.4294,0.15456,0.2664,0.1038,0.1443
0.51416,0.5184,0.46126,0.5141,0.40786,0.4642,0.23472,0.3224,0.11352,0.1578
0.55662,0.5564,0.49462,0.531,0.44644,0.5009,0.26852,0.3534,0.153,0.1879
0.58302,0.5767,0.51828,0.5458,0.47782,0.5203,0.29924,0.3591,0.1685,0.2021
0.6084,0.5777,0.5389,0.5592,0.4932,0.551,0.3178,0.3825,0.17342,0.2108
0.62552,0.59,0.55442,0.5804,0.51708,0.5552,0.33504,0.4057,0.17804,0.2041
0.6422,0.6134,0.57516,0.5923,0.52794,0.5655,0.35394,0.4241,0.1782,0.1835
0.65574,0.6071,0.58796,0.605,0.54006,0.576,0.37548,0.4397,0.18004,0.2004
0.66994,0.6103,0.60498,0.5912,0.55152,0.5854,0.38666,0.4521,0.18152,0.1975
0.67868,0.6273,0.61116,0.6134,0.56244,0.5797,0.40674,0.4437,0.1872,0.2044
0.68144,0.625,0.62284,0.612,0.5668,0.5968,0.4168,0.4585,0.1867,0.204
0.7004,0.6198,0.63418,0.6184,0.57824,0.6028,0.42914,0.4911,0.193,0.2225
0.70588,0.6394,0.64018,0.6298,0.58614,0.6074,0.43674,0.4861,0.19622,0.2139
0.71234,0.6359,0.64724,0.6257,0.59208,0.6079,0.45144,0.5036,0.19712,0.234
0.72206,0.6348,0.65134,0.6337,0.59768,0.615,0.45334,0.4933,0.2032,0.2356
0.7253,0.6321,0.65966,0.6307,0.60476,0.6247,0.4642,0.5094,0.21846,0.2669
0.73738,0.6378,0.66776,0.6417,0.60446,0.6235,0.47364,0.5187,0.23248,0.2767
0.744,0.6384,0.67432,0.6436,0.60896,0.6232,0.47798,0.5135,0.23894,0.2735
0.74672,0.6438,0.6806,0.6471,0.62274,0.6306,0.48328,0.5196,0.24698,0.2788
0.75566,0.6323,0.6838,0.6501,0.624,0.6345,0.489,0.5236,0.24726,0.2829
0.76184,0.6421,0.68706,0.6559,0.62766,0.6257,0.497,0.5345,0.25024,0.2825
0.7703,0.6364,0.69072,0.6463,0.6273,0.6384,0.5018,0.5461,0.25888,0.2779
0.77562,0.6336,0.69126,0.6473,0.63566,0.6332,0.50958,0.5604,0.25912,0.2886
0.77454,0.6439,0.69562,0.6531,0.63784,0.6484,0.50926,0.5546,0.26612,0.2913
0.78624,0.6419,0.69774,0.6633,0.64232,0.6484,0.51344,0.5585,0.2699,0.2803
0.78722,0.6395,0.70658,0.659,0.64634,0.6465,0.51958,0.5469,0.27182,0.2874
0.79648,0.6307,0.70774,0.6564,0.64804,0.6499,0.52184,0.5678,0.27562,0.3018
0.797,0.6369,0.71178,0.6586,0.65264,0.6569,0.53008,0.5733,0.27374,0.3048
0.79858,0.6285,0.717,0.6631,0.65324,0.6534,0.5322,0.5553,0.2753,0.3056
0.81042,0.6437,0.71688,0.6579,0.65618,0.6507,0.53834,0.5722,0.27382,0.3093
0.81482,0.6424,0.71532,0.6654,0.65738,0.6489,0.54226,0.5871,0.28118,0.3037
0.81422,0.6432,0.72384,0.6688,0.66268,0.6527,0.54262,0.5728,0.2841,0.3181
0.824,0.6393,0.723,0.6645,0.66448,0.6517,0.54664,0.5789,0.2841,0.3301
0.82978,0.6402,0.72674,0.6612,0.665,0.6571,0.54888,0.5911,0.28832,0.3163
0.83684,0.6346,0.72778,0.6639,0.66598,0.663,0.55176,0.5914,0.29438,0.3299
0.83436,0.6359,0.7304,0.668,0.66482,0.6553,0.55346,0.5965,0.29674,0.3367
0.83692,0.6304,0.72654,0.6643,0.66974,0.6683,0.5594,0.5903,0.29974,0.346
0.84354,0.6208,0.73554,0.6673,0.67248,0.6591,0.56242,0.5983,0.30328,0.3452
0.84512,0.6322,0.73054,0.6619,0.673,0.6647,0.56562,0.6054,0.30854,0.3394
0.84972,0.6293,0.73742,0.6689,0.67522,0.6661,0.56836,0.6065,0.30954,0.3471
0.85632,0.6352,0.73822,0.6643,0.67948,0.6608,0.57078,0.59,0.30708,0.3247
0.86012,0.6406,0.7445,0.6665,0.67642,0.6607,0.5703,0.6098,0.30992,0.3475
0.86764,0.6216,0.74064,0.6615,0.67922,0.6737,0.57258,0.6048,0.3076,0.3561
0.86906,0.6283,0.74188,0.6684,0.6838,0.6574,0.57016,0.6004,0.31496,0.3504
0.87032,0.6241,0.74774,0.6653,0.68128,0.6664,0.5785,0.6053,0.31494,0.3451
0.85854,0.6213,0.7439,0.667,0.67738,0.669,0.57868,0.6109,0.31508,0.3541
0.87346,0.6277,0.7432,0.6737,0.68102,0.6656,0.58366,0.6162,0.3168,0.3515
0.87756,0.6271,0.74892,0.6727,0.68548,0.668,0.58334,0.6177,0.3205,0.3519
0.8857,0.6265,0.74944,0.664,0.6859,0.6681,0.58512,0.6186,0.32282,0.3257
0.89,0.626,0.7487,0.6716,0.68572,0.6691,0.5875,0.616,0.3217,0.356
0.89638,0.628,0.7539,0.6731,0.68534,0.6755,0.58544,0.6218,0.32286,0.3429
0.89144,0.6247,0.75392,0.6736,0.69166,0.6653,0.5906,0.6133,0.3232,0.339
0.8955,0.6204,0.75452,0.6708,0.69088,0.6657,0.59258,0.6213,0.32798,0.3554
0.9002,0.6258,0.75608,0.6641,0.69146,0.6699,0.59586,0.6297,0.329,0.3524
0.90226,0.6254,0.76292,0.6703,0.69256,0.666,0.59696,0.6184,0.3336,0.3638
0.89884,0.6276,0.75558,0.6612,0.69216,0.6749,0.59154,0.6295,0.3259,0.3668
0.902,0.6098,0.75908,0.6696,0.69342,0.6773,0.59764,0.6248,0.33362,0.3708
0.9081,0.6147,0.76032,0.6688,0.69772,0.6734,0.5949,0.6188,0.33364,0.3638
0.90368,0.62,0.76394,0.6656,0.6979,0.6714,0.599,0.6349,0.33598,0.3629
0.90188,0.6185,0.76238,0.6724,0.69548,0.6707,0.60226,0.6173,0.33206,0.3698
0.91392,0.6102,0.76338,0.6703,0.69864,0.6761,0.60066,0.6317,0.3338,0.3702
0.90554,0.6137,0.76294,0.6739,0.69874,0.6771,0.60306,0.6223,0.33882,0.374
0.91672,0.6212,0.76386,0.6702,0.70172,0.6778,0.60596,0.6306,0.33766,0.3835
0.92122,0.6165,0.76878,0.6718,0.70306,0.6705,0.6055,0.6318,0.33682,0.3715
0.91546,0.6233,0.76862,0.6678,0.70186,0.6752,0.61032,0.6326,0.33832,0.3772
0.91516,0.6232,0.76796,0.6722,0.7043,0.6729,0.6078,0.633,0.34148,0.3765
0.91908,0.6206,0.76996,0.6714,0.70116,0.678,0.60848,0.632,0.34278,0.3825
0.92642,0.6199,0.76818,0.6689,0.70302,0.6721,0.60718,0.6323,0.34706,0.3826
0.9304,0.6086,0.76586,0.6619,0.70656,0.6791,0.61222,0.626,0.34654,0.3854
0.93132,0.6116,0.76814,0.6647,0.70508,0.6783,0.6111,0.6355,0.3437,0.3845
0.93316,0.6133,0.77084,0.6716,0.70684,0.6775,0.61568,0.6392,0.34396,0.378
0.92646,0.6118,0.7733,0.6677,0.70346,0.6782,0.61334,0.6376,0.34622,0.3831
0.90716,0.6149,0.77424,0.6686,0.70698,0.6821,0.6186,0.6328,0.35006,0.3913
0.93014,0.6164,0.77486,0.6714,0.70402,0.6795,0.61574,0.6374,0.34848,0.3879
0.9429,0.6139,0.77294,0.6646,0.70758,0.6716,0.61582,0.624,0.34946,0.3785
0.95018,0.6095,0.76996,0.672,0.70584,0.6776,0.61536,0.6374,0.35142,0.3854
0.94102,0.6081,0.77314,0.6712,0.70688,0.676,0.62026,0.6413,0.35078,0.3846
0.93186,0.6181,0.77686,0.6706,0.71028,0.6792,0.62008,0.6429,0.35104,0.3762
0.93916,0.6111,0.77694,0.6677,0.7108,0.6785,0.62206,0.6416,0.35366,0.3814
0.93272,0.6103,0.77448,0.6698,0.71296,0.6717,0.62134,0.6441,0.34918,0.3847
0.94426,0.6156,0.77988,0.6663,0.70982,0.6724,0.62258,0.6327,0.35198,0.3816
0.94166,0.6124,0.7803,0.6668,0.71038,0.6773,0.62406,0.6413,0.35364,0.3878
0.9437,0.6139,0.7792,0.674,0.71544,0.6784,0.61466,0.6403,0.34958,0.3861
0.94782,0.6112,0.78302,0.6709,0.7144,0.673,0.62224,0.6469,0.36028,0.394
0.9432,0.6132,0.77796,0.6701,0.71688,0.6829,0.62436,0.6392,0.36234,0.4049
0.94776,0.6125,0.78128,0.6708,0.71518,0.6797,0.63048,0.6506,0.36004,0.404
0.94416,0.6102,0.77846,0.6722,0.71378,0.6781,0.62926,0.6481,0.36102,0.4044
0.92818,0.6168,0.78608,0.6748,0.71316,0.6715,0.62668,0.6459,0.36176,0.3976
0.94074,0.614,0.78588,0.6719,0.71106,0.6648,0.62796,0.6466,0.36244,0.4044
0.94948,0.61,0.78294,0.6794,0.71054,0.682,0.62678,0.6407,0.3655,0.4083
0.94448,0.6132,0.78362,0.6776,0.71546,0.6839,0.62996,0.6512,0.36904,0.3981
0.9498,0.6144,0.78784,0.6692,0.7172,0.6797,0.63236,0.6492,0.36974,0.4178
0.95076,0.6097,0.77942,0.6716,0.71488,0.6818,0.62962,0.6528,0.37164,0.407
0.95988,0.6062,0.78656,0.6744,0.72074,0.6839,0.63116,0.6491,0.36786,0.416
0.94522,0.6075,0.78348,0.6716,0.71964,0.6819,0.63576,0.6495,0.37476,0.4093
0.94578,0.6089,0.79252,0.6686,0.72,0.6831,0.63556,0.6579,0.37628,0.4083
0.91766,0.6058,0.78654,0.6755,0.71906,0.6802,0.63644,0.6528,0.3809,0.4101
0.95528,0.6129,0.79152,0.6714,0.716,0.6757,0.63598,0.6498,0.3774,0.4221
0.97018,0.611,0.78924,0.6743,0.72124,0.6855,0.63374,0.656,0.37736,0.4134
0.96308,0.6081,0.78726,0.6598,0.71966,0.6796,0.63246,0.6512,0.38122,0.4084
0.93836,0.6068,0.78512,0.6681,0.72126,0.6835,0.63966,0.6601,0.3798,0.4218
0.93986,0.6035,0.79148,0.6703,0.72254,0.6751,0.63572,0.6452,0.38076,0.4185
0.95454,0.6139,0.79226,0.6714,0.72116,0.6791,0.63934,0.6491,0.38678,0.426
0.96174,0.6144,0.79264,0.6748,0.72204,0.6799,0.63878,0.6485,0.39118,0.4233
0.95974,0.6048,0.79164,0.668,0.72578,0.6804,0.6389,0.6515,0.38652,0.4363
0.9605,0.6057,0.78606,0.6683,0.72136,0.6819,0.6374,0.6539,0.39168,0.4366
0.94746,0.6055,0.79086,0.669,0.72502,0.6806,0.6392,0.6538,0.3869,0.4236
0.93752,0.6084,0.79044,0.6684,0.7244,0.6815,0.64116,0.6551,0.39596,0.433
0.93492,0.6122,0.79808,0.6814,0.72136,0.6769,0.637,0.652,0.39546,0.4318
0.95992,0.6131,0.79256,0.6778,0.72942,0.6869,0.6381,0.6543,0.39446,0.4248
0.9643,0.6123,0.79528,0.6757,0.72644,0.6817,0.6436,0.6538,0.3952,0.4225
0.9673,0.616,0.795,0.676,0.72952,0.6821,0.64318,0.6555,0.39776,0.4345
0.96328,0.6075,0.7953,0.6744,0.72668,0.6835,0.64126,0.6541,0.39324,0.4359
0.96132,0.6135,0.79526,0.6659,0.725,0.6811,0.64102,0.6556,0.39598,0.4288
0.95796,0.6077,0.79162,0.67,0.7267,0.6774,0.64286,0.658,0.39794,0.4413
0.94452,0.6094,0.79468,0.6779,0.72454,0.6823,0.64376,0.6592,0.39874,0.4309
0.944,0.61,0.79856,0.6723,0.7282,0.6853,0.64312,0.655,0.4016,0.4528
0.95058,0.6096,0.79172,0.6647,0.7315,0.6825,0.64392,0.6584,0.402,0.435
0.95542,0.6055,0.7958,0.6675,0.72984,0.6817,0.64368,0.6536,0.40016,0.4471
0.97408,0.614,0.79432,0.6714,0.72632,0.6801,0.64212,0.6565,0.40272,0.4499
0.97952,0.6091,0.7989,0.6762,0.7304,0.6826,0.64736,0.6612,0.4034,0.4421
0.97548,0.6046,0.80004,0.6783,0.72542,0.6879,0.64446,0.6585,0.40016,0.4519
0.94488,0.6046,0.79864,0.6712,0.7294,0.6862,0.64748,0.6558,0.39946,0.4533
0.93094,0.601,0.79796,0.6675,0.732,0.6837,0.64924,0.6523,0.40282,0.4476
0.94906,0.6109,0.80196,0.6687,0.72552,0.6861,0.64704,0.6595,0.40636,0.4517
0.95886,0.6066,0.79582,0.6664,0.72332,0.6876,0.65118,0.6471,0.39878,0.4403
0.95224,0.6019,0.7982,0.6719,0.73122,0.6833,0.64742,0.6526,0.40706,0.445
0.95202,0.6078,0.79468,0.6756,0.72922,0.6809,0.64808,0.6565,0.4085,0.4453
0.9742,0.6097,0.7978,0.6709,0.72856,0.683,0.6463,0.6594,0.40886,0.4232
0.96766,0.6033,0.80126,0.6726,0.73362,0.6822,0.65006,0.661,0.41018,0.451
0.96574,0.6117,0.79918,0.6807,0.72952,0.6846,0.64896,0.6531,0.41102,0.4503
0.96518,0.6048,0.80418,0.6757,0.73464,0.6815,0.6478,0.6525,0.41216,0.4496
0.95382,0.6009,0.80152,0.6761,0.72928,0.6872,0.6462,0.6523,0.41044,0.4602
0.95672,0.6081,0.80372,0.6752,0.73076,0.6813,0.64572,0.6548,0.40996,0.4619
0.97564,0.6079,0.79938,0.6747,0.73064,0.6818,0.6487,0.6584,0.41146,0.4391
0.97552,0.6068,0.80282,0.6707,0.73088,0.676,0.6505,0.653,0.41,0.4438
0.96978,0.6022,0.80176,0.6734,0.73216,0.679,0.65006,0.6591,0.41276,0.442
0.94746,0.5936,0.80228,0.6716,0.73412,0.6895,0.6519,0.6571,0.41156,0.4446
0.93152,0.5926,0.80036,0.6747,0.72566,0.6844,0.64868,0.6623,0.41472,0.4522
0.94624,0.6019,0.8006,0.6763,0.73156,0.6854,0.6472,0.6578,0.41272,0.4551
0.95942,0.6041,0.80468,0.6764,0.73498,0.6849,0.65366,0.6594,0.41522,0.4526
0.97654,0.6136,0.80234,0.6727,0.73376,0.6847,0.65104,0.6557,0.40552,0.4454
0.99008,0.6114,0.80288,0.6704,0.73342,0.6893,0.6526,0.6549,0.41348,0.4409
0.98782,0.6167,0.80308,0.6763,0.73686,0.6838,0.65444,0.664,0.4174,0.45
0.97502,0.5967,0.80694,0.6719,0.73278,0.6839,0.65104,0.6689,0.41194,0.4492
0.93744,0.6012,0.80388,0.6699,0.7325,0.6863,0.64906,0.6564,0.4172,0.4566
0.94302,0.6068,0.80478,0.6737,0.73926,0.6891,0.65602,0.6507,0.4157,0.4597
0.96306,0.6059,0.80734,0.6747,0.7347,0.6853,0.65398,0.6649,0.41726,0.4626
0.97324,0.6082,0.80452,0.6668,0.73196,0.6861,0.6534,0.6626,0.41554,0.4611
0.9829,0.6054,0.8058,0.6713,0.73436,0.6785,0.65772,0.6648,0.41828,0.4592
0.97302,0.6024,0.80408,0.6729,0.73802,0.6848,0.65578,0.6589,0.4166,0.4625
0.9447,0.5948,0.80618,0.6691,0.73408,0.6873,0.6569,0.6517,0.41454,0.4452
0.9393,0.5958,0.80692,0.6802,0.7353,0.6794,0.65494,0.6504,0.4124,0.4455
0.9437,0.6065,0.80452,0.6699,0.73686,0.6724,0.65308,0.6625,0.41762,0.4573
0.96882,0.6077,0.80916,0.6733,0.73276,0.6781,0.6539,0.6592,0.41738,0.4611
0.97584,0.6092,0.80534,0.6736,0.73572,0.6814,0.65734,0.6614,0.41944,0.4554
0.98712,0.6122,0.80908,0.6706,0.73688,0.6837,0.65792,0.6653,0.42374,0.4616
0.98332,0.6138,0.80966,0.6721,0.7385,0.6823,0.65852,0.6685,0.41942,0.4626
0.9781,0.6078,0.80856,0.6738,0.73902,0.6879,0.65762,0.6657,0.41536,0.4567
0.96808,0.6047,0.81084,0.6725,0.73926,0.685,0.6593,0.663,0.41704,0.4467
0.94198,0.6055,0.80558,0.6713,0.73768,0.6866,0.65942,0.6621,0.41746,0.4701
0.96116,0.6039,0.81246,0.6761,0.7391,0.6853,0.66096,0.6671,0.4228,0.4534
0.97644,0.6042,0.81026,0.6746,0.73928,0.6872,0.65896,0.6648,0.41728,0.4576
0.96706,0.6042,0.80428,0.6668,0.74032,0.6847,0.6567,0.6725,0.42284,0.4602
0.96378,0.5958,0.80794,0.6669,0.74114,0.679,0.66052,0.6636,0.42024,0.4653
0.95264,0.6008,0.8094,0.6724,0.7344,0.6842,0.65946,0.6631,0.42022,0.4585
0.94638,0.6074,0.81052,0.6734,0.73834,0.6834,0.65742,0.6652,0.42606,0.4156
0.96498,0.6106,0.80842,0.674,0.7378,0.6825,0.65758,0.6603,0.42282,0.4721
0.9738,0.6102,0.81174,0.6708,0.73702,0.6886,0.65848,0.6649,0.42228,0.4679
0.97936,0.6135,0.81234,0.6762,0.7409,0.6795,0.66154,0.6698,0.42716,0.4597
0.97388,0.6076,0.80838,0.6698,0.73556,0.6904,0.65996,0.6601,0.42094,0.4505
0.9742,0.6002,0.80954,0.6717,0.73984,0.6842,0.65998,0.6547,0.42194,0.4672
0.966,0.6099,0.812,0.6765,0.74054,0.6836,0.66112,0.6662,0.42368,0.4584
0.95914,0.5956,0.8133,0.6687,0.74076,0.6889,0.6595,0.6561,0.42548,0.4591
0.95012,0.6112,0.81264,0.6676,0.74448,0.6825,0.65874,0.6654,0.4214,0.4607
0.95096,0.6037,0.81566,0.6706,0.7377,0.6754,0.66408,0.6625,0.42208,0.4548
0.9655,0.6093,0.81446,0.6748,0.74122,0.6903,0.66222,0.6596,0.42798,0.4667
0.9798,0.6092,0.81634,0.6736,0.73922,0.6871,0.66326,0.6663,0.4209,0.4556
0.98906,0.6108,0.8118,0.6732,0.74294,0.6846,0.66308,0.6642,0.42662,0.4704
0.98922,0.6052,0.80642,0.6738,0.74464,0.6879,0.66252,0.6741,0.42392,0.4704
0.99228,0.6135,0.81388,0.6713,0.74252,0.6825,0.6647,0.6658,0.42552,0.4617
0.96528,0.6009,0.809,0.6625,0.74128,0.6866,0.66218,0.6701,0.42982,0.4586
0.94306,0.5956,0.80926,0.6712,0.74608,0.6843,0.6642,0.6702,0.42892,0.4647
0.93784,0.6107,0.81634,0.6702,0.7421,0.6896,0.66206,0.671,0.43204,0.4636
0.96146,0.6081,0.81262,0.6733,0.7395,0.6882,0.66398,0.6697,0.4304,0.4676
0.9724,0.6023,0.8134,0.6737,0.74352,0.6875,0.6623,0.6684,0.4287,0.4617
0.97448,0.6091,0.81592,0.6673,0.74322,0.6862,0.66336,0.6602,0.42448,0.461
0.98294,0.607,0.8142,0.671,0.73842,0.6883,0.66632,0.6671,0.42184,0.4695
0.96956,0.6079,0.81534,0.6766,0.74588,0.6895,0.66648,0.6708,0.4251,0.476
0.96292,0.5975,0.81682,0.6777,0.74518,0.6896,0.66728,0.6691,0.42812,0.467
0.9555,0.6097,0.81584,0.6679,0.74296,0.6837,0.66166,0.6709,0.42998,0.4711
0.96324,0.6086,0.81786,0.6765,0.74376,0.6898,0.66528,0.6585,0.41988,0.4636
0.97724,0.6096,0.8147,0.6773,0.74532,0.6817,0.6646,0.6643,0.42738,0.467
0.9814,0.6073,0.81744,0.6701,0.74002,0.6851,0.66372,0.67,0.4269,0.4627
0.98322,0.6091,0.81306,0.673,0.74516,0.6793,0.66588,0.663,0.42902,0.4689
0.98168,0.6087,0.8174,0.6718,0.74394,0.6848,0.6681,0.668,0.42778,0.4363
0.94792,0.6028,0.81712,0.6681,0.74746,0.6871,0.66602,0.6671,0.4263,0.4646
0.94296,0.599,0.81914,0.6711,0.74348,0.6829,0.66868,0.669,0.41826,0.4485
0.95114,0.6073,0.81812,0.6703,0.74618,0.6809,0.66606,0.6655,0.42988,0.4716
0.97898,0.6094,0.8147,0.6743,0.74554,0.6871,0.6675,0.6674,0.43192,0.4747
0.98256,0.6009,0.81524,0.665,0.7436,0.6863,0.67068,0.6666,0.4259,0.4699
0.9891,0.6121,0.81888,0.6753,0.74768,0.6836,0.6647,0.6673,0.42756,0.4587
0.98582,0.6058,0.81588,0.6691,0.7424,0.6885,0.66072,0.6697,0.42594,0.472
0.98542,0.6099,0.81432,0.6705,0.74326,0.6879,0.66388,0.669,0.42998,0.4767
0.95458,0.5979,0.81854,0.679,0.7412,0.686,0.66748,0.6653,0.42928,0.4559
0.95142,0.5967,0.81248,0.6748,0.74506,0.687,0.66764,0.6684,0.43022,0.4584
0.96466,0.6121,0.81872,0.6786,0.74614,0.6772,0.66558,0.6739,0.43144,0.4589
0.98156,0.6051,0.8169,0.6754,0.7445,0.688,0.66736,0.668,0.43202,0.4765
0.98522,0.6085,0.81926,0.6717,0.7437,0.6881,0.6687,0.6739,0.4311,0.4541
0.98034,0.603,0.81454,0.6789,0.75084,0.6882,0.66964,0.6644,0.42764,0.4491
0.9751,0.6045,0.82374,0.6748,0.74658,0.6855,0.66916,0.6677,0.42886,0.4688
0.93704,0.5997,0.8206,0.6682,0.74912,0.6867,0.66612,0.6647,0.43266,0.4565
0.9584,0.6066,0.8183,0.6789,0.74588,0.6831,0.6705,0.6714,0.4327,0.4749
0.96932,0.6065,0.81896,0.6752,0.74294,0.6838,0.6686,0.6709,0.43302,0.4653
0.9834,0.6091,0.81994,0.6704,0.74912,0.6887,0.66994,0.6705,0.43526,0.4668
0.9819,0.6023,0.81826,0.6737,0.7475,0.6871,0.67072,0.6697,0.43104,0.4556
0.97138,0.6019,0.82026,0.6744,0.74458,0.6878,0.6671,0.6674,0.43114,0.4693
0.96698,0.6044,0.82452,0.6676,0.74528,0.6829,0.66728,0.6628,0.426,0.4706
0.97162,0.6057,0.82292,0.6748,0.74464,0.6915,0.67064,0.6677,0.43196,0.473
0.97568,0.5978,0.82268,0.6776,0.74946,0.6884,0.67412,0.6742,0.43146,0.457
0.95538,0.6104,0.82074,0.6724,0.75088,0.687,0.6681,0.6657,0.43468,0.4623
0.96688,0.6039,0.81792,0.68,0.7483,0.6803,0.67226,0.6721,0.42994,0.4772
0.96742,0.6109,0.81746,0.6724,0.747,0.6866,0.67396,0.6762,0.43288,0.4702
0.9756,0.605,0.82138,0.6797,0.7494,0.6799,0.6707,0.6731,0.43226,0.4784
0.97474,0.6042,0.81988,0.6779,0.75068,0.6901,0.66948,0.6687,0.43258,0.475
0.95758,0.6017,0.82388,0.6732,0.75046,0.6871,0.6721,0.6736,0.43238,0.4732
0.96938,0.6035,0.82092,0.673,0.75082,0.6872,0.67262,0.6638,0.42406,0.4729
0.96844,0.5973,0.81952,0.6749,0.74718,0.6873,0.67262,0.6744,0.43582,0.4534
0.97012,0.6101,0.82358,0.6613,0.74404,0.6792,0.66804,0.675,0.42698,0.4783
0.98334,0.6076,0.82514,0.6758,0.7436,0.6865,0.6732,0.6622,0.42752,0.4494
0.98564,0.6121,0.82244,0.6634,0.74932,0.6914,0.67416,0.6717,0.43464,0.4854
0.97996,0.6074,0.8213,0.67,0.75178,0.672,0.67226,0.672,0.4364,0.486
0.95144,0.6062,0.82202,0.6692,0.7444,0.6826,0.6675,0.6607,0.43854,0.4761
0.9574,0.6043,0.82148,0.6729,0.75008,0.6891,0.66928,0.68,0.42792,0.4797
0.9737,0.6087,0.82612,0.6754,0.74968,0.6892,0.67552,0.6617,0.4332,0.4711
0.9847,0.6083,0.82586,0.6772,0.74884,0.6861,0.67362,0.6728,0.43292,0.4622
0.98816,0.6059,0.8224,0.6747,0.75006,0.6852,0.67502,0.664,0.43622,0.4895
0.9821,0.6023,0.82314,0.6708,0.75388,0.6899,0.6725,0.6726,0.43642,0.4807
0.97562,0.5998,0.82212,0.6732,0.7474,0.6822,0.6697,0.6732,0.4382,0.4693
0.96346,0.5964,0.82582,0.6798,0.74666,0.6888,0.67334,0.6764,0.43522,0.4495
0.95166,0.6013,0.82776,0.6785,0.74978,0.6861,0.674,0.6745,0.43138,0.4817
0.96382,0.6053,0.82348,0.667,0.74856,0.6852,0.67606,0.6757,0.43984,0.471
0.97398,0.6067,0.81954,0.6739,0.74958,0.6824,0.67166,0.6725,0.43654,0.4808
0.96636,0.6054,0.82282,0.67,0.75286,0.6855,0.67066,0.6703,0.4384,0.471
0.98244,0.6127,0.81888,0.6674,0.74958,0.6858,0.67208,0.6705,0.43732,0.4719
0.98724,0.609,0.8197,0.6751,0.7516,0.6799,0.67406,0.6733,0.4404,0.4724
0.99142,0.6018,0.82386,0.6771,0.7472,0.6788,0.67546,0.6763,0.43716,0.4727
0.988,0.607,0.8244,0.6783,0.74806,0.6929,0.67224,0.6733,0.43658,0.4714
0.97306,0.5931,0.82388,0.673,0.74808,0.6903,0.67036,0.6625,0.433,0.4652
0.92762,0.5934,0.82492,0.6707,0.74858,0.6903,0.67288,0.6769,0.43194,0.4731
0.96746,0.6053,0.82784,0.6707,0.75402,0.6899,0.67206,0.6657,0.43388,0.4765
0.97546,0.6113,0.82694,0.6738,0.74726,0.6848,0.66932,0.6743,0.43866,0.4841
0.98994,0.6138,0.8203,0.6698,0.75024,0.686,0.6749,0.6736,0.44078,0.4706
0.99626,0.6151,0.8244,0.6742,0.75454,0.6852,0.67318,0.6761,0.43594,0.4773
0.99716,0.6144,0.82448,0.6694,0.75286,0.6875,0.67506,0.6752,0.43962,0.4721
0.9978,0.6166,0.82338,0.6694,0.74762,0.6854,0.67324,0.6752,0.43888,0.478
0.99952,0.6177,0.82614,0.6755,0.7557,0.6902,0.6739,0.672,0.43862,0.4883
0.99998,0.618,0.82268,0.6768,0.74854,0.6853,0.6748,0.6705,0.43818,0.4724
1,0.6198,0.82702,0.6708,0.74752,0.6875,0.67578,0.67,0.43494,0.4702
1,0.6188,0.82818,0.6727,0.75538,0.6902,0.67266,0.6701,0.4371,0.4615
1,0.6197,0.82632,0.6703,0.75526,0.6876,0.676,0.6755,0.4367,0.4891
1,0.6203,0.82246,0.6715,0.74828,0.685,0.67792,0.6749,0.4372,0.4801
1,0.6207,0.828,0.6761,0.7523,0.6872,0.67652,0.6708,0.44024,0.4741
1,0.6208,0.82702,0.6716,0.75272,0.6858,0.67288,0.6618,0.43926,0.4781
1,0.6207,0.82694,0.6709,0.75542,0.6843,0.67512,0.6761,0.43352,0.4904
1,0.6209,0.82802,0.6709,0.75426,0.6866,0.67474,0.6737,0.43794,0.4913
1,0.6206,0.82794,0.6745,0.75546,0.6898,0.67478,0.6675,0.4383,0.4854
1,0.6209,0.82664,0.6677,0.75238,0.6909,0.67872,0.6767,0.43054,0.4783
1,0.6206,0.82548,0.6693,0.75602,0.6894,0.67506,0.6722,0.4392,0.4661
1,0.6208,0.82846,0.6776,0.7557,0.686,0.6766,0.6748,0.4394,0.4828
1,0.6202,0.82794,0.6771,0.75544,0.6864,0.6787,0.6757,0.43966,0.4762
1,0.6204,0.82356,0.6744,0.75274,0.6864,0.67726,0.6799,0.43348,0.4837
1,0.6213,0.8282,0.6729,0.7486,0.6888,0.68048,0.6799,0.43272,0.4838
1,0.6201,0.82748,0.6794,0.75466,0.692,0.67818,0.6762,0.43538,0.4882
1,0.621,0.8273,0.6759,0.75496,0.6894,0.67606,0.6763,0.43606,0.4844
1,0.6214,0.82592,0.6719,0.7534,0.6869,0.67438,0.674,0.43688,0.4881
1,0.6208,0.8277,0.6747,0.7518,0.6811,0.67694,0.6751,0.43518,0.4769
1,0.6204,0.82916,0.677,0.75476,0.6833,0.67686,0.6734,0.43362,0.4913
1,0.6214,0.82614,0.6641,0.75406,0.6769,0.68028,0.6769,0.44314,0.4813
1,0.6215,0.82572,0.6735,0.75012,0.6838,0.6744,0.663,0.44014,0.496
1,0.6213,0.82898,0.6706,0.75356,0.6924,0.67636,0.6734,0.43842,0.4793
1,0.6207,0.8247,0.6731,0.75282,0.6917,0.67662,0.6695,0.44584,0.4787
1,0.6205,0.83038,0.6705,0.75446,0.6841,0.67954,0.6669,0.4389,0.4812
1,0.6214,0.82684,0.6657,0.7536,0.6836,0.68126,0.6761,0.44396,0.4761
1,0.6216,0.82782,0.6718,0.756,0.6889,0.67252,0.6675,0.44078,0.4493
1,0.6212,0.83024,0.6739,0.7568,0.6819,0.6774,0.6784,0.43926,0.481
1,0.6215,0.83072,0.6731,0.75218,0.6932,0.67842,0.6745,0.44228,0.4716
1,0.6216,0.8264,0.667,0.7568,0.6854,0.6771,0.6741,0.43696,0.4853
1,0.622,0.8341,0.6671,0.75188,0.6859,0.68052,0.6767,0.43888,0.4834
1,0.6221,0.82682,0.6747,0.75656,0.6826,0.67834,0.67,0.44668,0.4644
1,0.623,0.83286,0.6716,0.75534,0.6877,0.68,0.6781,0.44344,0.4905
1,0.6218,0.83,0.6692,0.75508,0.6877,0.68064,0.6725,0.43892,0.4872
1,0.6225,0.83126,0.6673,0.75776,0.6766,0.68084,0.6719,0.44074,0.4771
1,0.6216,0.8306,0.6706,0.75648,0.679,0.674,0.6758,0.43428,0.4622
1,0.6215,0.82656,0.6733,0.75328,0.6898,0.67964,0.6724,0.44042,0.4735
1,0.6215,0.8302,0.6723,0.75374,0.6833,0.67324,0.6742,0.43634,0.4827
1,0.622,0.8319,0.6652,0.75568,0.6887,0.67424,0.6633,0.4449,0.474
1,0.6214,0.8301,0.6734,0.7563,0.6791,0.67566,0.6737,0.4389,0.4634
1,0.6215,0.8316,0.6676,0.7544,0.6854,0.6786,0.6683,0.44182,0.495
1,0.621,0.83538,0.6666,0.75494,0.6847,0.6763,0.6743,0.44202,0.4869
1,0.6216,0.83248,0.6737,0.7553,0.6885,0.68,0.674,0.44378,0.4793
1,0.6212,0.8295,0.6672,0.75774,0.6871,0.6782,0.6749,0.44524,0.4852
1,0.6213,0.83108,0.6752,0.75682,0.684,0.681,0.6762,0.43968,0.4699
1,0.6209,0.8334,0.6694,0.75516,0.6861,0.67758,0.6777,0.44084,0.4717
1,0.6207,0.83496,0.6739,0.75758,0.6807,0.68066,0.6743,0.44138,0.4831
1,0.6206,0.8299,0.669,0.75858,0.6898,0.68122,0.6698,0.44684,0.4892
1,0.621,0.83212,0.6695,0.75668,0.6863,0.67782,0.6733,0.4446,0.4766
1,0.6201,0.82906,0.6623,0.75636,0.68,0.67884,0.6771,0.44648,0.4795
1,0.6203,0.83068,0.6774,0.75706,0.6893,0.68096,0.6757,0.44614,0.4809
1,0.6207,0.83316,0.6746,0.7534,0.6888,0.67926,0.6744,0.44334,0.4781
1,0.6207,0.82952,0.668,0.7583,0.6776,0.6817,0.682,0.448,0.4816
1,0.6205,0.8345,0.6699,0.7604,0.6819,0.6786,0.6703,0.44342,0.4808
1,0.6194,0.82992,0.6688,0.7603,0.6872,0.67716,0.6697,0.44252,0.484
1,0.6194,0.83262,0.6723,0.75836,0.6885,0.68188,0.6788,0.43838,0.4592
1,0.6196,0.83426,0.6752,0.75704,0.6855,0.67792,0.6814,0.44438,0.4955
1,0.6199,0.8339,0.674,0.75876,0.6851,0.67968,0.6714,0.44558,0.4866
1,0.6195,0.833,0.6756,0.75676,0.6832,0.67848,0.6747,0.44084,0.4913
1,0.6194,0.8292,0.6695,0.75368,0.6822,0.67856,0.6815,0.43998,0.488
1,0.6193,0.8305,0.672,0.76082,0.6831,0.68094,0.6663,0.44444,0.4834
1,0.6192,0.83308,0.6721,0.75718,0.6828,0.68054,0.6776,0.44192,0.4879
1,0.6201,0.8341,0.6602,0.76008,0.6888,0.68202,0.6763,0.44604,0.4923
1,0.6198,0.83528,0.6745,0.75338,0.6829,0.68436,0.672,0.44086,0.476
1,0.6201,0.8361,0.6749,0.75904,0.6821,0.68124,0.6756,0.44506,0.4926
1,0.6198,0.83358,0.677,0.7584,0.6865,0.68584,0.6768,0.44886,0.4621
1,0.6204,0.83298,0.6632,0.75752,0.6872,0.6785,0.6803,0.44388,0.474
1,0.6195,0.83212,0.6739,0.76084,0.677,0.67942,0.6733,0.44542,0.4917
1,0.6196,0.83834,0.6724,0.7554,0.6798,0.67942,0.6729,0.44464,0.4886
1,0.6195,0.83356,0.6695,0.7587,0.6875,0.6834,0.6825,0.44592,0.4813
1,0.619,0.83092,0.6754,0.75554,0.6797,0.68108,0.6808,0.44448,0.4829
1,0.6198,0.83422,0.6707,0.75748,0.6853,0.68192,0.6771,0.44088,0.4892
1,0.6196,0.83632,0.6723,0.75822,0.6861,0.67986,0.6794,0.43874,0.484
1,0.6192,0.83622,0.6739,0.76014,0.6814,0.68226,0.673,0.4436,0.4728
1,0.6185,0.83624,0.6714,0.7578,0.6886,0.6825,0.6795,0.43818,0.4682
1,0.6193,0.83252,0.6692,0.75828,0.6876,0.68078,0.6822,0.44328,0.4944
1,0.6204,0.83482,0.6744,0.75994,0.6839,0.67576,0.6686,0.44768,0.4811
1,0.6202,0.83466,0.6741,0.75836,0.6782,0.68434,0.6764,0.44542,0.4944
1,0.6192,0.83512,0.6759,0.75764,0.6868,0.6826,0.6781,0.44652,0.4796
1,0.6196,0.83724,0.6669,0.75474,0.6803,0.67884,0.6623,0.43904,0.4778
1,0.6191,0.83854,0.6728,0.75894,0.6901,0.68332,0.6804,0.43812,0.4707
1,0.619,0.83862,0.6754,0.76278,0.6846,0.68046,0.6793,0.44856,0.4902
1,0.6189,0.83384,0.671,0.75814,0.6863,0.68124,0.6742,0.44232,0.5071
1,0.6202,0.83448,0.6703,0.75966,0.6875,0.68182,0.6709,0.44564,0.4867
1,0.6196,0.83436,0.6727,0.75868,0.6763,0.68264,0.6779,0.44334,0.4812
1,0.6198,0.8354,0.6672,0.75838,0.6855,0.68094,0.6763,0.44618,0.4897
1,0.6199,0.83564,0.6678,0.75968,0.6903,0.6823,0.6697,0.44364,0.481
1,0.6191,0.83498,0.6688,0.7591,0.6895,0.68484,0.6762,0.447,0.4977
1,0.6199,0.83306,0.6666,0.75874,0.6896,0.68116,0.6749,0.44602,0.4697
1,0.6195,0.83338,0.6669,0.76064,0.685,0.6823,0.6768,0.44294,0.4924
1,0.6194,0.8376,0.6679,0.75774,0.6863,0.6803,0.6801,0.44394,0.4871
1,0.6195,0.83938,0.6723,0.76112,0.6887,0.68628,0.6719,0.44102,0.4779
1,0.6205,0.83558,0.6694,0.76216,0.6859,0.68166,0.6675,0.44692,0.5015
1,0.62,0.83298,0.6639,0.75866,0.6864,0.68234,0.6746,0.44892,0.4832
1,0.6205,0.83574,0.6742,0.75484,0.678,0.68662,0.6776,0.4504,0.4849
1,0.6206,0.837,0.6675,0.76058,0.6905,0.68614,0.6763,0.44822,0.4921
1,0.62,0.83834,0.67,0.75878,0.6843,0.6884,0.6786,0.44864,0.4829
1,0.6211,0.83522,0.6743,0.75806,0.6861,0.68782,0.6793,0.44572,0.4863
1,0.6208,0.83822,0.6719,0.76186,0.6831,0.68758,0.6805,0.44984,0.4909
1,0.6198,0.83892,0.67,0.7589,0.6854,0.68684,0.6785,0.4416,0.4977
1,0.6204,0.83376,0.6664,0.75704,0.6871,0.679,0.6771,0.4409,0.4937
1,0.6205,0.8369,0.6683,0.76086,0.6887,0.68026,0.68,0.44892,0.4798
1,0.6207,0.83914,0.6706,0.76024,0.6797,0.68622,0.677,0.44446,0.4961
1,0.6208,0.83628,0.6704,0.76276,0.6877,0.68368,0.6819,0.44652,0.4835
1,0.6212,0.8394,0.6715,0.7594,0.6861,0.68106,0.6734,0.44556,0.4928
1,0.6206,0.83678,0.6721,0.75686,0.6842,0.68318,0.6777,0.45064,0.4852
1,0.6201,0.83944,0.6661,0.75898,0.6822,0.68468,0.6761,0.44734,0.4811
1,0.6208,0.83228,0.6724,0.76094,0.6779,0.69024,0.6836,0.44952,0.4813
1,0.6203,0.83238,0.6669,0.75466,0.6849,0.68332,0.6745,0.44792,0.5039
1,0.6204,0.8381,0.6655,0.75546,0.6822,0.68512,0.6744,0.44912,0.4927
1,0.6204,0.8365,0.6692,0.7627,0.6898,0.68254,0.6755,0.4494,0.4808
1,0.6207,0.83498,0.666,0.7584,0.6858,0.68226,0.6778,0.44388,0.5081
1,0.6203,0.83428,0.6713,0.76184,0.6917,0.6835,0.675,0.44618,0.4919
1,0.6204,0.83674,0.6689,0.76058,0.6846,0.68734,0.6783,0.449,0.4901
1,0.6207,0.83558,0.6679,0.75972,0.6822,0.68892,0.6809,0.45458,0.499
1,0.621,0.8393,0.6682,0.75708,0.6908,0.68238,0.6749,0.44988,0.5019
1,0.6205,0.83802,0.6731,0.76176,0.6812,0.68572,0.6762,0.45094,0.4901
1,0.6191,0.83912,0.673,0.76256,0.6872,0.68154,0.6739,0.44404,0.511
1,0.6205,0.83454,0.672,0.75984,0.6842,0.68292,0.6708,0.44726,0.4977
1,0.6208,0.83828,0.6693,0.76164,0.6841,0.68492,0.679,0.4481,0.4954
1,0.6211,0.83828,0.6719,0.75712,0.692,0.68408,0.6737,0.44944,0.503
1,0.6209,0.83818,0.6707,0.7639,0.688,0.68582,0.6784,0.4511,0.5048
1,0.6201,0.83778,0.6737,0.76064,0.6873,0.68678,0.6788,0.45318,0.5086
1,0.6207,0.83778,0.6697,0.76386,0.6892,0.68538,0.6729,0.44854,0.4775
1,0.6217,0.84028,0.671,0.75746,0.6848,0.68956,0.6679,0.44928,0.4946
1,0.6195,0.8379,0.6729,0.76178,0.6855,0.68488,0.6656,0.44412,0.4919
1,0.621,0.83794,0.6705,0.76008,0.6843,0.68124,0.6832,0.45394,0.4922
1,0.6214,0.8393,0.6659,0.75904,0.6829,0.686,0.6721,0.44408,0.4924
1,0.621,0.84,0.6714,0.76134,0.6832,0.68634,0.6803,0.44356,0.4951
1,0.6212,0.83934,0.6581,0.76154,0.6857,0.68788,0.6823,0.44854,0.5025
1,0.6208,0.8394,0.6633,0.76328,0.6756,0.69258,0.6791,0.44912,0.4983
1,0.6216,0.83854,0.6638,0.7596,0.6809,0.68844,0.6812,0.45304,0.4776
1,0.6213,0.83852,0.6712,0.7622,0.6863,0.68916,0.6773,0.45184,0.4977
1,0.6208,0.8396,0.6666,0.76208,0.676,0.68834,0.681,0.44966,0.4893
1,0.6208,0.83582,0.6702,0.76052,0.6844,0.68814,0.6817,0.45178,0.508
1,0.6216,0.84042,0.6687,0.76284,0.6904,0.68864,0.6765,0.44852,0.4903
1,0.6207,0.83766,0.669,0.75882,0.6869,0.68534,0.6805,0.44886,0.4916
1,0.6212,0.84354,0.6699,0.76264,0.6883,0.68794,0.6808,0.4548,0.4983
1,0.621,0.84326,0.6705,0.76446,0.6855,0.68308,0.6747,0.44606,0.4741
1,0.6209,0.83824,0.666,0.76074,0.6866,0.68672,0.6749,0.4538,0.5064
1,0.6217,0.83874,0.6686,0.7618,0.683,0.68644,0.6813,0.44502,0.4931
1,0.6216,0.84396,0.6683,0.76016,0.6845,0.68626,0.6801,0.44958,0.4812
1,0.621,0.83546,0.6694,0.7597,0.6874,0.69058,0.6777,0.45494,0.4969
1,0.6209,0.8387,0.673,0.7629,0.6885,0.68468,0.6851,0.45058,0.4994
1,0.6202,0.84192,0.6686,0.76568,0.6886,0.6889,0.6806,0.44688,0.5028
1,0.6211,0.8405,0.669,0.75494,0.6825,0.68702,0.6757,0.44672,0.4842
1,0.6204,0.83694,0.6647,0.75938,0.683,0.6886,0.6793,0.44852,0.4921
1,0.6214,0.84334,0.6706,0.75968,0.6843,0.68806,0.6828,0.45308,0.4939
1,0.6211,0.837,0.6554,0.76148,0.6892,0.68898,0.6766,0.449,0.4977
1,0.6218,0.83682,0.6634,0.76446,0.681,0.6862,0.673,0.45256,0.4919
1,0.6207,0.83662,0.6674,0.76274,0.6861,0.68382,0.6781,0.44826,0.4862
1,0.6215,0.8444,0.6671,0.76066,0.6889,0.68884,0.678,0.44488,0.4778
1,0.6216,0.84,0.6726,0.75728,0.6851,0.6872,0.6814,0.44458,0.4935
1,0.6214,0.84278,0.6654,0.7647,0.6746,0.6914,0.6794,0.45066,0.4907
1,0.6199,0.84198,0.6681,0.76146,0.6855,0.68764,0.6811,0.44582,0.5085
1,0.6195,0.8442,0.6682,0.76328,0.6822,0.68594,0.6798,0.45234,0.5035
1,0.6204,0.84018,0.669,0.76244,0.6833,0.6855,0.673,0.44778,0.4913
1,0.6224,0.8411,0.6716,0.76482,0.685,0.68598,0.6754,0.45116,0.4734
1,0.6209,0.83418,0.6671,0.7618,0.6867,0.68738,0.68,0.45014,0.4786
1,0.621,0.84584,0.669,0.7606,0.6863,0.68862,0.6823,0.44668,0.5082
1,0.6209,0.84452,0.665,0.76004,0.6841,0.6905,0.683,0.4483,0.4949
1,0.6211,0.84,0.6703,0.76298,0.6908,0.68342,0.682,0.4547,0.5081
1,0.6212,0.84346,0.6663,0.7639,0.6835,0.68632,0.6734,0.45484,0.4876
1,0.6215,0.83854,0.6645,0.76388,0.6873,0.6849,0.6803,0.4554,0.5088
1,0.6212,0.83892,0.6659,0.7618,0.6819,0.6898,0.6772,0.45086,0.506
1,0.6214,0.83914,0.6727,0.76678,0.6851,0.68482,0.6728,0.44822,0.4948
1,0.6212,0.84522,0.6657,0.76242,0.6883,0.69134,0.6737,0.44872,0.5019
1,0.6217,0.83892,0.6502,0.7618,0.687,0.69344,0.6775,0.45516,0.506
1,0.6197,0.83938,0.6718,0.75986,0.6795,0.68836,0.6777,0.44952,0.5045
1,0.6207,0.8419,0.6673,0.76338,0.6779,0.68888,0.6733,0.45188,0.5058
1,0.6214,0.84286,0.6728,0.75962,0.6819,0.6859,0.664,0.44992,0.507
1,0.621,0.84028,0.6657,0.76498,0.6835,0.68888,0.6833,0.45268,0.5156
1,0.6211,0.84314,0.6688,0.7557,0.6865,0.6882,0.6725,0.45144,0.5065
1,0.6211,0.8447,0.6689,0.7672,0.6871,0.69,0.6803,0.45476,0.5094
1,0.6207,0.8423,0.6664,0.7662,0.6762,0.69344,0.6763,0.45164,0.5084
1,0.6209,0.84186,0.673,0.7586,0.6772,0.69008,0.6802,0.45184,0.51
1,0.6205,0.84344,0.6599,0.76196,0.6861,0.6907,0.67,0.4563,0.4884
1,0.6205,0.84406,0.6687,0.76162,0.6879,0.6863,0.6765,0.4549,0.5067
1,0.6202,0.84294,0.6644,0.76548,0.6879,0.69036,0.6777,0.45936,0.4906
1,0.6206,0.8433,0.6671,0.76252,0.6883,0.69032,0.6692,0.4596,0.4924
1,0.62,0.84248,0.6706,0.7642,0.6871,0.68768,0.6786,0.4537,0.483
1,0.6209,0.84182,0.6727,0.7647,0.6877,0.68998,0.6733,0.44946,0.5082
1,0.62,0.84248,0.6722,0.76546,0.6871,0.68598,0.6696,0.45428,0.5063
1,0.6201,0.8438,0.6696,0.772,0.6853,0.68794,0.6741,0.4572,0.4952
1,0.619,0.84126,0.6647,0.7627,0.6845,0.6877,0.6755,0.45182,0.49
1,0.6207,0.83738,0.6653,0.75968,0.6844,0.69502,0.6797,0.44716,0.4954
1,0.6203,0.84182,0.6685,0.76578,0.6812,0.68656,0.6761,0.45012,0.4787
1,0.6194,0.84384,0.6717,0.76144,0.6822,0.68846,0.6728,0.4564,0.5048
1,0.6187,0.8405,0.6696,0.75832,0.6881,0.68906,0.6811,0.45558,0.5061
1,0.6194,0.84182,0.6667,0.76492,0.6857,0.68852,0.677,0.4529,0.5067
1,0.6199,0.84718,0.6705,0.7607,0.6836,0.68872,0.6783,0.4551,0.4994
1,0.619,0.84374,0.656,0.76182,0.6839,0.6928,0.6739,0.45684,0.5011
1,0.6191,0.83844,0.671,0.76264,0.6842,0.69162,0.6714,0.45604,0.5046
1,0.6192,0.84432,0.6676,0.76318,0.689,0.69032,0.6649,0.45408,0.5123
1,0.6189,0.84616,0.6686,0.7642,0.6843,0.69142,0.6789,0.46032,0.4916
1,0.6192,0.84492,0.6664,0.76428,0.693,0.68602,0.6792,0.4595,0.5081
1,0.6188,0.84106,0.6655,0.76704,0.6894,0.68966,0.679,0.45894,0.5122
1,0.6191,0.83984,0.6694,0.76642,0.6812,0.68812,0.6771,0.45724,0.5097
1,0.6184,0.84568,0.6692,0.771,0.6874,0.68772,0.6758,0.45598,0.5019
1,0.6193,0.84434,0.6696,0.76472,0.6858,0.68792,0.6742,0.44816,0.5024
1,0.6188,0.84114,0.6689,0.76338,0.689,0.6928,0.6756,0.45402,0.4833
1,0.6184,0.8451,0.6686,0.76286,0.6886,0.69066,0.679,0.45338,0.4998
1,0.619,0.84526,0.6726,0.76554,0.6914,0.68856,0.6724,0.4554,0.5033
1,0.6184,0.8412,0.6726,0.76612,0.6835,0.69014,0.6815,0.45786,0.5124
1,0.6182,0.84596,0.6718,0.76224,0.6841,0.69754,0.6774,0.46312,0.5002
1,0.618,0.84128,0.6567,0.76444,0.6836,0.6893,0.6783,0.46134,0.505
1,0.6181,0.84348,0.6643,0.7679,0.6852,0.68986,0.6827,0.45178,0.5062
1,0.6191,0.84432,0.6719,0.76632,0.6818,0.6908,0.67,0.46094,0.4919
1,0.6183,0.84504,0.6683,0.76588,0.6843,0.69274,0.6809,0.45786,0.5184
1,0.6187,0.84426,0.6678,0.7643,0.6825,0.691,0.6846,0.45618,0.5013
1,0.6186,0.84402,0.6703,0.76656,0.6879,0.68698,0.6822,0.45876,0.5035
1,0.6193,0.84756,0.6706,0.75982,0.6852,0.68876,0.6684,0.44946,0.4825
1,0.6183,0.84482,0.6706,0.7701,0.6874,0.68854,0.6834,0.45616,0.5094
1,0.6185,0.8424,0.6657,0.76552,0.6855,0.68924,0.6853,0.4518,0.4891
1,0.6184,0.844,0.6739,0.76626,0.6807,0.6904,0.6729,0.45858,0.5128
1,0.6182,0.84888,0.6729,0.76868,0.6841,0.6885,0.6764,0.45146,0.49
1,0.6184,0.8417,0.669,0.76426,0.6886,0.69178,0.6816,0.45988,0.5044
1,0.6186,0.84404,0.669,0.765,0.6862,0.6903,0.683,0.46578,0.5193
1,0.6181,0.84454,0.6669,0.76444,0.6838,0.68876,0.6804,0.45844,0.5083
1,0.6178,0.84524,0.6672,0.76624,0.6818,0.69148,0.6837,0.45044,0.5102
1,0.6183,0.84134,0.6677,0.76364,0.682,0.68864,0.6802,0.4581,0.517
1,0.6173,0.84968,0.6676,0.76706,0.6858,0.68986,0.6838,0.45448,0.5087
1,0.6166,0.84336,0.6704,0.76876,0.6836,0.69004,0.6684,0.45932,0.5063
1,0.6178,0.8446,0.667,0.76776,0.6862,0.68336,0.6738,0.4594,0.5097
1,0.6178,0.84124,0.6723,0.76674,0.6908,0.68996,0.6805,0.45842,0.5098
1,0.6178,0.84348,0.6682,0.76134,0.6848,0.6861,0.6594,0.45496,0.5082
1,0.6178,0.843,0.6682,0.76488,0.6875,0.68938,0.6806,0.45164,0.5104
1,0.6178,0.8429,0.671,0.7664,0.6827,0.69108,0.6776,0.4607,0.5024
1,0.6178,0.84684,0.671,0.76594,0.6804,0.6914,0.6663,0.45788,0.5038
1,0.6178,0.84302,0.6612,0.76472,0.681,0.6912,0.6758,0.4519,0.5127
1,0.6178,0.84456,0.6685,0.76658,0.6845,0.68776,0.685,0.45898,0.5134
1,0.6178,0.84384,0.6659,0.76264,0.6794,0.69648,0.6864,0.46078,0.5121
1,0.6178,0.84334,0.6683,0.7675,0.683,0.69128,0.6784,0.45754,0.4754
1,0.6178,0.84152,0.6671,0.7614,0.6858,0.69354,0.6793,0.45524,0.5032
1,0.6178,0.84732,0.665,0.7628,0.6781,0.69004,0.6768,0.45908,0.49
1,0.6178,0.84692,0.6654,0.76496,0.6822,0.69358,0.6856,0.4597,0.4998
1,0.6178,0.84622,0.667,0.76424,0.6829,0.69246,0.6794,0.46584,0.5103
1,0.6178,0.8464,0.6675,0.76706,0.6837,0.692,0.6743,0.45848,0.5162
1,0.6178,0.8452,0.6659,0.76522,0.6884,0.69346,0.6835,0.4619,0.5162
1,0.6178,0.84468,0.67,0.76516,0.6889,0.69034,0.6741,0.45426,0.5109
1,0.6178,0.84228,0.6674,0.7663,0.6863,0.6869,0.6751,0.45694,0.4939
1,0.6178,0.84502,0.6711,0.76502,0.6894,0.69232,0.6758,0.45936,0.5078
1,0.6178,0.84504,0.6716,0.76618,0.6884,0.6932,0.6722,0.4612,0.5158
1,0.6178,0.84496,0.6657,0.76988,0.6849,0.69272,0.6821,0.46122,0.5173
1,0.6178,0.8471,0.6643,0.77076,0.6815,0.69264,0.6839,0.45884,0.5096
1,0.6178,0.84378,0.6662,0.767,0.6787,0.69464,0.6854,0.45984,0.5088
1,0.6178,0.84766,0.6585,0.76108,0.686,0.68944,0.6755,0.45728,0.497
1,0.6178,0.84088,0.6672,0.7692,0.6839,0.6917,0.6773,0.45992,0.5064
1,0.6178,0.84694,0.6702,0.76498,0.6828,0.6969,0.6811,0.46202,0.5116
1,0.6178,0.8459,0.6678,0.76822,0.6876,0.69558,0.685,0.45668,0.5146
1,0.6178,0.8459,0.6712,0.76078,0.6836,0.69302,0.6832,0.45878,0.5183
1,0.6178,0.8477,0.6688,0.76344,0.6846,0.69094,0.6789,0.46584,0.5047
1,0.6178,0.84888,0.6649,0.76562,0.6831,0.6961,0.6802,0.46208,0.5179
1,0.6178,0.84386,0.6628,0.76972,0.6857,0.69294,0.6788,0.46552,0.5172
1,0.6178,0.84188,0.6647,0.76786,0.6827,0.69394,0.6823,0.45952,0.5086
1,0.6178,0.84638,0.6677,0.76646,0.6846,0.69576,0.676,0.46354,0.4872
1,0.6178,0.8484,0.6708,0.7689,0.6857,0.68638,0.6765,0.46022,0.5176
1,0.6178,0.84484,0.6747,0.76414,0.6869,0.69102,0.6655,0.4568,0.5186
1,0.6178,0.84612,0.6682,0.76632,0.685,0.68948,0.6763,0.46354,0.5032
1,0.6178,0.84664,0.6664,0.7664,0.6804,0.69004,0.6823,0.46562,0.5089
1,0.6178,0.84732,0.6672,0.7678,0.6803,0.695,0.6815,0.46004,0.5199
1,0.6178,0.847,0.673,0.76538,0.6817,0.68982,0.6739,0.46548,0.5142
1,0.6178,0.84816,0.667,0.76492,0.686,0.6934,0.673,0.46332,0.5179
1,0.6178,0.84372,0.6688,0.76816,0.6759,0.6912,0.6807,0.45662,0.5037
1,0.6178,0.84642,0.6651,0.76648,0.6816,0.68976,0.6812,0.4543,0.5011
1,0.6178,0.84594,0.6654,0.76944,0.6845,0.6922,0.672,0.4571,0.5118
1,0.6178,0.84668,0.6616,0.76902,0.6826,0.69196,0.6789,0.46368,0.4895
1,0.6178,0.8472,0.6757,0.7667,0.685,0.69122,0.674,0.45914,0.5047
1,0.6178,0.8472,0.6722,0.76734,0.6805,0.69256,0.6799,0.4598,0.5125
1,0.6178,0.8453,0.6686,0.76604,0.6864,0.69262,0.6757,0.46156,0.5125
1,0.6178,0.84934,0.6654,0.76714,0.686,0.6944,0.682,0.4627,0.5176
1,0.6178,0.84652,0.6617,0.76616,0.68,0.69206,0.6787,0.467,0.4838
1,0.6178,0.84708,0.6689,0.76792,0.6865,0.69404,0.6823,0.4578,0.4841
1,0.6178,0.84576,0.6649,0.77034,0.6872,0.69142,0.678,0.46424,0.5008
1,0.6178,0.84442,0.6687,0.76636,0.6873,0.6911,0.6734,0.46268,0.5017
1,0.6178,0.84664,0.6705,0.76492,0.687,0.6907,0.678,0.46542,0.5208
1,0.6178,0.84308,0.6662,0.76534,0.6839,0.6888,0.6775,0.4619,0.5029
1,0.6178,0.85078,0.6648,0.76372,0.6842,0.69504,0.6787,0.46642,0.5111
1,0.6178,0.84472,0.6558,0.76724,0.6839,0.69432,0.6779,0.4616,0.5205
1,0.6178,0.84702,0.6643,0.76944,0.685,0.69044,0.6871,0.46588,0.5258
1,0.6178,0.84778,0.6711,0.769,0.6827,0.69176,0.6837,0.46978,0.5155
1,0.6178,0.8478,0.6646,0.76632,0.6831,0.6907,0.6777,0.46252,0.5162
1,0.6178,0.8467,0.6621,0.7678,0.6844,0.69338,0.6836,0.46644,0.5044
1,0.6178,0.84658,0.6669,0.76792,0.6834,0.69672,0.6822,0.46292,0.514
1,0.6178,0.84512,0.6633,0.76632,0.6761,0.69168,0.6779,0.4602,0.5155
1,0.6178,0.84532,0.6665,0.76542,0.6898,0.69328,0.6744,0.46812,0.5294
1,0.6178,0.8481,0.6712,0.76614,0.6898,0.69378,0.6689,0.46784,0.5157
1,0.6178,0.84772,0.6598,0.76774,0.6839,0.69788,0.6829,0.4682,0.5138
1,0.6178,0.8445,0.6684,0.76816,0.6815,0.69414,0.6773,0.4668,0.5227
1,0.6178,0.84462,0.6677,0.7677,0.6827,0.69288,0.6813,0.46242,0.5036
1,0.6178,0.84882,0.6692,0.76804,0.6895,0.69448,0.6764,0.46756,0.5232
1,0.6178,0.84878,0.671,0.76266,0.6798,0.69476,0.6795,0.47024,0.5173
1,0.6178,0.8476,0.6636,0.76604,0.6828,0.69222,0.6835,0.464,0.5227
1,0.6178,0.8502,0.6691,0.76894,0.6892,0.6929,0.682,0.46592,0.5176
1,0.6178,0.84798,0.6668,0.76544,0.6766,0.69076,0.6832,0.4661,0.5141
1,0.6178,0.8454,0.669,0.76414,0.6872,0.69476,0.6769,0.45996,0.5121
1,0.6178,0.8459,0.6736,0.77124,0.6844,0.69422,0.6757,0.46534,0.5216
1,0.6178,0.84544,0.6665,0.76782,0.6802,0.69166,0.6783,0.4589,0.5076
1,0.6178,0.84772,0.6679,0.77098,0.6796,0.68796,0.6799,0.4624,0.4965
1,0.6178,0.85134,0.6692,0.76922,0.6892,0.69332,0.6687,0.4639,0.5158
1,0.6178,0.84898,0.665,0.7709,0.6853,0.69172,0.6787,0.45848,0.5125
1,0.6178,0.84628,0.6704,0.76668,0.6846,0.69168,0.6788,0.45664,0.5015
1,0.6178,0.85328,0.6658,0.76668,0.6794,0.69502,0.6733,0.46572,0.5209
1,0.6178,0.84872,0.6733,0.76584,0.6838,0.69082,0.6788,0.46786,0.5093
1,0.6178,0.84598,0.6736,0.76458,0.6837,0.6958,0.6779,0.46646,0.5083
1,0.6178,0.84924,0.6663,0.76622,0.6859,0.69046,0.6767,0.4719,0.5181
1,0.6178,0.84536,0.6578,0.76548,0.6769,0.69052,0.6779,0.4665,0.5198
1,0.6178,0.84932,0.6618,0.76856,0.6782,0.69514,0.6809,0.47342,0.5123
1,0.6178,0.8528,0.6682,0.77128,0.6796,0.6914,0.6721,0.44852,0.4896
1,0.6178,0.85074,0.6735,0.76428,0.685,0.68736,0.6867,0.4592,0.5244
1,0.6178,0.84926,0.6583,0.7721,0.6831,0.69512,0.685,0.46626,0.5161
1,0.6178,0.84318,0.6676,0.76964,0.6757,0.6928,0.6746,0.46772,0.514
1,0.6178,0.84766,0.658,0.76782,0.6787,0.6972,0.6832,0.46262,0.5185
1,0.6178,0.84652,0.6736,0.77004,0.6848,0.69468,0.6715,0.46538,0.5174
1,0.6178,0.85224,0.6705,0.76656,0.6844,0.69102,0.6804,0.47078,0.5219
1,0.6178,0.84612,0.6678,0.76948,0.6853,0.69534,0.675,0.46918,0.5095
1,0.6178,0.84994,0.6601,0.773,0.6858,0.69226,0.6745,0.45908,0.5126
1,0.6178,0.84352,0.6683,0.76898,0.6856,0.6926,0.6764,0.46444,0.5262
1,0.6178,0.851,0.666,0.766,0.6852,0.69034,0.677,0.47058,0.5143
1,0.6178,0.8493,0.6638,0.76632,0.6836,0.69244,0.6776,0.4627,0.5157
1,0.6178,0.85162,0.6706,0.76768,0.6826,0.69294,0.688,0.4634,0.5056
1,0.6178,0.84944,0.6658,0.7716,0.6793,0.69406,0.6792,0.47042,0.5212
1,0.6178,0.84978,0.665,0.76816,0.6884,0.6891,0.6838,0.46476,0.5152
1,0.6178,0.84684,0.6683,0.7703,0.6849,0.68966,0.669,0.46036,0.5009
1,0.6178,0.85072,0.6686,0.7695,0.6873,0.69512,0.6818,0.4623,0.5257
1,0.6178,0.848,0.6673,0.77042,0.6842,0.69358,0.6839,0.46336,0.5118
1,0.6178,0.8469,0.6695,0.76822,0.6858,0.69662,0.6812,0.46504,0.5116
1,0.6178,0.85416,0.6671,0.76494,0.6818,0.69412,0.6814,0.46962,0.5062
1,0.6178,0.8519,0.6661,0.76756,0.6841,0.69062,0.6813,0.47184,0.5177
1,0.6178,0.85152,0.6642,0.76504,0.6801,0.6931,0.687,0.47294,0.5222
1,0.6178,0.84594,0.6631,0.76586,0.6836,0.69456,0.6817,0.46518,0.5204
1,0.6178,0.84844,0.672,0.76474,0.6843,0.6969,0.681,0.46864,0.5067
1,0.6178,0.8496,0.6628,0.77188,0.682,0.69618,0.6751,0.46778,0.518
1,0.6178,0.85138,0.666,0.77056,0.6807,0.69084,0.6783,0.46308,0.4974
1,0.6178,0.84952,0.6716,0.77198,0.6746,0.69024,0.6726,0.46586,0.5244
1,0.6178,0.84744,0.6659,0.76858,0.6769,0.69438,0.6786,0.47276,0.5139
1,0.6178,0.85414,0.6671,0.7663,0.6868,0.69004,0.6756,0.47248,0.519
1,0.6178,0.84324,0.671,0.7688,0.6763,0.69376,0.6799,0.47728,0.5198
1,0.6178,0.85234,0.6678,0.7688,0.683,0.69412,0.675,0.46974,0.5131
1,0.6178,0.84824,0.664,0.7668,0.6821,0.69592,0.6775,0.46358,0.5046
1,0.6178,0.84938,0.6734,0.77064,0.6872,0.68774,0.6807,0.4679,0.5158
1,0.6178,0.84894,0.6686,0.76938,0.6845,0.69012,0.684,0.47494,0.518
1,0.6178,0.8489,0.6664,0.76686,0.686,0.69422,0.679,0.47262,0.5191
1,0.6178,0.85308,0.6688,0.76646,0.6869,0.69752,0.6797,0.4632,0.5235
1,0.6178,0.84744,0.6713,0.7671,0.6807,0.68954,0.6784,0.4653,0.5205
1,0.6178,0.8488,0.6652,0.76586,0.6801,0.69374,0.6726,0.46552,0.5183
1,0.6178,0.85008,0.6632,0.76746,0.6767,0.69166,0.6741,0.46946,0.5118
1,0.6178,0.85176,0.6716,0.77142,0.6803,0.6915,0.6793,0.46848,0.5117
1,0.6178,0.8511,0.66,0.7638,0.6798,0.69574,0.6761,0.47208,0.5067
1,0.6178,0.84682,0.6634,0.77166,0.6793,0.69436,0.6778,0.4612,0.5199
1,0.6178,0.85032,0.6687,0.7701,0.6826,0.6931,0.6769,0.46612,0.513
1,0.6178,0.85272,0.6686,0.76932,0.6853,0.69468,0.6763,0.47084,0.5215
1,0.6178,0.85272,0.6665,0.77076,0.6852,0.69236,0.6831,0.47098,0.517
1,0.6178,0.85294,0.6689,0.76892,0.6834,0.69542,0.6826,0.46384,0.5091
1,0.6178,0.84676,0.6696,0.77226,0.6841,0.69388,0.6757,0.45766,0.5177
1,0.6178,0.84828,0.6596,0.76712,0.6865,0.69298,0.6762,0.46724,0.5156
1,0.6178,0.84406,0.6668,0.76648,0.6788,0.69468,0.6806,0.46376,0.5164
1,0.6178,0.84986,0.6685,0.76776,0.685,0.6962,0.6708,0.47066,0.5152
1,0.6178,0.85436,0.6697,0.7665,0.6865,0.69276,0.6829,0.47424,0.5047
1,0.6178,0.84712,0.6672,0.7696,0.6787,0.69468,0.6766,0.46922,0.5085
1,0.6178,0.8478,0.6708,0.7655,0.6889,0.69732,0.6805,0.46784,0.5106
1,0.6178,0.85018,0.6708,0.7703,0.6831,0.69546,0.682,0.4738,0.5202
1,0.6178,0.84768,0.6702,0.77234,0.6848,0.69234,0.6868,0.46802,0.5179
1,0.6178,0.85266,0.6696,0.76848,0.6858,0.69518,0.6843,0.47308,0.5156
1,0.6178,0.8483,0.6675,0.76784,0.6829,0.69648,0.6831,0.47002,0.5049
1,0.6178,0.8497,0.6692,0.77164,0.684,0.69788,0.6779,0.47068,0.5168
1,0.6178,0.85052,0.6668,0.7661,0.6781,0.69186,0.6839,0.4676,0.5238
1,0.6178,0.85176,0.6649,0.76852,0.6819,0.69434,0.6831,0.47268,0.5248
1,0.6178,0.85472,0.6734,0.7624,0.6854,0.69478,0.6708,0.47398,0.5178
1,0.6178,0.85092,0.6675,0.76684,0.6807,0.69522,0.6757,0.46162,0.5127
1,0.6178,0.852,0.6683,0.77076,0.6801,0.69136,0.6754,0.47176,0.4973
1,0.6178,0.85108,0.6682,0.77414,0.6854,0.69288,0.6818,0.4699,0.5182
1,0.6178,0.84616,0.6668,0.77222,0.6844,0.69612,0.6736,0.47272,0.5159
1,0.6178,0.85292,0.6663,0.77476,0.6791,0.69334,0.6803,0.47194,0.511
1,0.6178,0.8516,0.6655,0.7682,0.6839,0.6952,0.6746,0.47152,0.5085
1,0.6178,0.84992,0.6696,0.76848,0.6838,0.69304,0.6821,0.46678,0.5196
1,0.6178,0.85416,0.6659,0.76996,0.6872,0.69766,0.6805,0.47288,0.5134
1,0.6178,0.85062,0.6629,0.77318,0.6827,0.6902,0.6742,0.46804,0.5181
1,0.6178,0.85158,0.6673,0.76896,0.6845,0.6908,0.6669,0.46956,0.5195
1,0.6178,0.85316,0.6661,0.7699,0.6734,0.69316,0.6802,0.46704,0.5307
1,0.6178,0.85392,0.671,0.77186,0.6851,0.69446,0.6767,0.46978,0.5182
1,0.6178,0.84966,0.6635,0.77138,0.6816,0.69288,0.6717,0.47886,0.5302
1,0.6178,0.85506,0.6718,0.76654,0.6856,0.69848,0.6784,0.47312,0.5294
1,0.6178,0.85192,0.6663,0.76844,0.6844,0.69876,0.6792,0.46892,0.5268
1,0.6178,0.85592,0.6695,0.76866,0.6835,0.6977,0.6801,0.47238,0.5337
1,0.6178,0.84816,0.6686,0.769,0.6847,0.69866,0.6756,0.46998,0.5132
1,0.6178,0.85294,0.6669,0.76982,0.6861,0.69756,0.6805,0.47176,0.5173
1,0.6178,0.8534,0.6702,0.76812,0.6811,0.69536,0.6807,0.47044,0.5202
1,0.6178,0.85384,0.6688,0.7737,0.6823,0.69658,0.6797,0.47224,0.5037
1,0.6178,0.85118,0.6633,0.77172,0.6764,0.69654,0.6766,0.466,0.5247
1,0.6178,0.8549,0.6656,0.76628,0.6868,0.69276,0.6813,0.47022,0.5168
1,0.6178,0.85572,0.6693,0.76868,0.6837,0.69224,0.6849,0.46554,0.524
1,0.6178,0.8501,0.6705,0.766,0.6847,0.69456,0.6814,0.4746,0.5133
1,0.6178,0.85168,0.665,0.76828,0.6842,0.69672,0.6819,0.46712,0.5192
1,0.6178,0.8545,0.6539,0.76964,0.684,0.69294,0.6793,0.46906,0.5159
1,0.6178,0.85322,0.6671,0.77024,0.6819,0.68792,0.6755,0.47048,0.5074
1,0.6178,0.8528,0.6691,0.7642,0.6847,0.6953,0.6837,0.46914,0.5206
1,0.6178,0.84928,0.6612,0.77124,0.6828,0.69638,0.6747,0.4697,0.5172
1,0.6178,0.84776,0.6664,0.77016,0.6791,0.69576,0.6774,0.47396,0.5326
1,0.6178,0.85158,0.6674,0.77052,0.6859,0.69154,0.6795,0.47124,0.5245
1,0.6178,0.84994,0.6648,0.7707,0.6773,0.70004,0.674,0.45272,0.5287
1,0.6178,0.85476,0.6664,0.76876,0.686,0.70048,0.6804,0.47176,0.4947
1,0.6178,0.84664,0.6636,0.77188,0.6844,0.69558,0.6797,0.46932,0.5146
1,0.6178,0.85246,0.6662,0.7707,0.6807,0.69552,0.6826,0.47534,0.5197
1,0.6178,0.85166,0.6655,0.76928,0.6868,0.69878,0.687,0.46688,0.5199
1,0.6178,0.85232,0.6695,0.77282,0.6782,0.69854,0.6784,0.47454,0.517
1,0.6178,0.85126,0.6699,0.76942,0.6856,0.69582,0.6715,0.4726,0.533
1,0.6178,0.85192,0.665,0.76884,0.6791,0.69548,0.6818,0.47888,0.5233
1,0.6178,0.85296,0.668,0.76868,0.6825,0.69796,0.6758,0.47356,0.5223
1,0.6178,0.85592,0.6652,0.77146,0.6861,0.68972,0.6824,0.47168,0.5244
1,0.6178,0.85682,0.6667,0.76926,0.683,0.69428,0.6754,0.47546,0.5324
1,0.6178,0.84858,0.6635,0.7712,0.6802,0.69346,0.6829,0.46108,0.5279
1,0.6178,0.85508,0.6612,0.76788,0.6851,0.69276,0.6847,0.4771,0.5316
1,0.6178,0.85246,0.6659,0.76768,0.6748,0.69902,0.6877,0.47964,0.5196
1,0.6178,0.85354,0.6691,0.76776,0.6842,0.6963,0.6823,0.4684,0.53
1,0.6178,0.85392,0.6676,0.76978,0.6859,0.69658,0.6812,0.47284,0.5294
1,0.6178,0.85518,0.6657,0.77222,0.6821,0.69516,0.6795,0.47312,0.521
1,0.6178,0.85194,0.6668,0.7708,0.6856,0.69042,0.6677,0.46838,0.5089
1,0.6178,0.85296,0.6709,0.774,0.6848,0.69302,0.6788,0.47066,0.4903
1,0.6178,0.8547,0.6666,0.76734,0.6853,0.69586,0.6752,0.47776,0.5284
1,0.6178,0.84946,0.6688,0.76892,0.68,0.69604,0.6805,0.47006,0.5313
1,0.6178,0.85154,0.6697,0.76836,0.6798,0.69454,0.6804,0.47606,0.5203
1,0.6178,0.84926,0.6642,0.77258,0.6821,0.69548,0.6829,0.46982,0.5275
1,0.6178,0.85258,0.6653,0.76968,0.6812,0.69888,0.6789,0.46746,0.5275
1,0.6178,0.85346,0.6607,0.77366,0.6793,0.69412,0.6742,0.47898,0.5065
1,0.6178,0.85268,0.669,0.76936,0.6835,0.69224,0.682,0.4777,0.537
1,0.6178,0.85052,0.662,0.76962,0.6824,0.69912,0.6844,0.47112,0.5264
1,0.6178,0.8528,0.6578,0.77244,0.6862,0.69802,0.6688,0.47664,0.5312
1,0.6178,0.85238,0.6613,0.7735,0.6858,0.69228,0.6781,0.4748,0.523
1,0.6178,0.85036,0.6611,0.7705,0.6835,0.69706,0.6802,0.47664,0.5083
1,0.6178,0.85408,0.6621,0.76404,0.682,0.69782,0.6745,0.47466,0.5276
1,0.6178,0.85486,0.669,0.76942,0.6864,0.6984,0.6837,0.471,0.5364
1,0.6178,0.85284,0.6681,0.77044,0.6803,0.69614,0.6742,0.4646,0.5251
1,0.6178,0.85468,0.6634,0.76708,0.6839,0.69356,0.6826,0.46978,0.5311
1,0.6178,0.84978,0.6635,0.77048,0.6838,0.70196,0.6808,0.46794,0.5243
1,0.6178,0.849,0.6668,0.76798,0.6887,0.6963,0.68,0.47462,0.5211
1,0.6178,0.85356,0.6656,0.7682,0.6788,0.6977,0.6822,0.47548,0.5187
1,0.6178,0.85704,0.6642,0.7699,0.6816,0.69868,0.6793,0.47002,0.5206
1,0.6178,0.85222,0.6694,0.77476,0.6896,0.69498,0.6812,0.47394,0.5071
1,0.6178,0.85226,0.6654,0.7713,0.6853,0.69702,0.6799,0.47152,0.5218
1,0.6178,0.85304,0.663,0.76544,0.6862,0.69494,0.686,0.47262,0.5288
1,0.6178,0.85458,0.665,0.77072,0.6872,0.70004,0.6825,0.47346,0.5292
1,0.6178,0.85388,0.6679,0.76858,0.6856,0.69744,0.6839,0.4805,0.5305
1,0.6178,0.84836,0.6641,0.7673,0.6769,0.69604,0.6819,0.46246,0.498
1,0.6178,0.85494,0.6669,0.77316,0.6825,0.69092,0.6817,0.47396,0.4945
1,0.6178,0.85262,0.6621,0.76928,0.6794,0.69816,0.6838,0.47414,0.5294
1,0.6178,0.85118,0.6713,0.77036,0.6794,0.6966,0.6722,0.47006,0.5083
1,0.6178,0.85674,0.6711,0.77098,0.6827,0.6968,0.6844,0.47544,0.5309
1,0.6178,0.85686,0.6671,0.7746,0.6809,0.69462,0.6846,0.47378,0.5077
1,0.6178,0.85468,0.6723,0.77044,0.6796,0.6983,0.6819,0.4791,0.5205
1,0.6178,0.85418,0.6665,0.76938,0.6779,0.69754,0.6736,0.47696,0.5053
1,0.6178,0.8582,0.6672,0.77216,0.6794,0.69488,0.6792,0.47932,0.5185
1,0.6178,0.8507,0.6683,0.77194,0.6784,0.69476,0.6775,0.47398,0.5199
1,0.6178,0.84898,0.6645,0.7677,0.6779,0.69862,0.6712,0.47784,0.53
1,0.6178,0.85188,0.6628,0.76806,0.6805,0.70156,0.6803,0.47204,0.5195
1,0.6178,0.851,0.6627,0.77148,0.686,0.699,0.6801,0.47952,0.5184
1,0.6178,0.8539,0.6684,0.77056,0.6815,0.69228,0.6791,0.47642,0.5271
1,0.6178,0.85646,0.6662,0.77006,0.6789,0.69086,0.6751,0.47464,0.5027
1,0.6178,0.85268,0.668,0.77108,0.6822,0.6964,0.6759,0.47918,0.5198
1,0.6178,0.85434,0.6667,0.76996,0.6855,0.69826,0.6764,0.478,0.5201
1,0.6178,0.85372,0.669,0.77292,0.6837,0.6989,0.6803,0.4835,0.5284
1,0.6178,0.85718,0.6572,0.76972,0.6821,0.69194,0.6751,0.47474,0.5236
1,0.6178,0.8549,0.6642,0.77246,0.6826,0.69574,0.6801,0.47142,0.515
1,0.6178,0.85606,0.6679,0.77278,0.6852,0.69962,0.6834,0.47768,0.5203
1,0.6178,0.84822,0.6681,0.76848,0.6782,0.69856,0.677,0.47078,0.5118
1,0.6178,0.85326,0.6663,0.77442,0.6743,0.69618,0.6806,0.47298,0.5071
1,0.6178,0.86008,0.6682,0.7736,0.6815,0.70076,0.6808,0.47676,0.5256
1,0.6178,0.85412,0.6677,0.77248,0.6868,0.69674,0.6779,0.47958,0.5176
1,0.6178,0.85186,0.663,0.76812,0.6755,0.68974,0.6785,0.46876,0.5038
1,0.6178,0.85394,0.6633,0.77054,0.6846,0.69794,0.6664,0.47912,0.5106
1,0.6178,0.85622,0.6663,0.7664,0.6851,0.69546,0.666,0.4756,0.5213
1,0.6178,0.85674,0.664,0.76932,0.685,0.69748,0.6883,0.47638,0.5345
1,0.6178,0.8553,0.6638,0.76934,0.6871,0.69996,0.6792,0.4749,0.5265
1,0.6178,0.8541,0.6643,0.77234,0.6806,0.69824,0.682,0.4776,0.5209
1,0.6178,0.8554,0.6674,0.77364,0.6826,0.69858,0.6835,0.47524,0.5071
1,0.6178,0.85592,0.6624,0.77312,0.6848,0.6948,0.6784,0.4756,0.5199
1,0.6178,0.8529,0.6647,0.7713,0.6834,0.6934,0.6727,0.47476,0.5171
1,0.6178,0.85602,0.6656,0.77266,0.6831,0.69652,0.6794,0.47786,0.5315
1,0.6178,0.85392,0.6586,0.7709,0.6817,0.69428,0.6828,0.47802,0.5223
1,0.6178,0.85368,0.6676,0.77182,0.6843,0.69958,0.675,0.47938,0.5217
1,0.6178,0.8564,0.6716,0.77068,0.6858,0.69944,0.6744,0.47388,0.4808
1,0.6178,0.85018,0.6631,0.76966,0.6812,0.70094,0.6852,0.47728,0.527
1,0.6178,0.85146,0.6649,0.76972,0.6781,0.69578,0.6831,0.4802,0.5296
1,0.6178,0.85682,0.6652,0.76868,0.6809,0.70208,0.6826,0.48258,0.5142
1,0.6178,0.85832,0.6665,0.77252,0.6835,0.70382,0.6785,0.47968,0.5311
1,0.6178,0.85148,0.6664,0.7671,0.6798,0.69064,0.6804,0.47536,0.5196
1,0.6178,0.8549,0.663,0.7697,0.6879,0.69934,0.678,0.47598,0.5129
1,0.6178,0.85658,0.6685,0.7729,0.6801,0.69506,0.6787,0.47906,0.5332
1,0.6178,0.8561,0.67,0.77172,0.6848,0.69566,0.6764,0.47046,0.5141
1,0.6178,0.85508,0.6656,0.7763,0.6778,0.69582,0.6833,0.47694,0.5214
1,0.6178,0.85346,0.6679,0.77008,0.6762,0.69648,0.6822,0.48084,0.5316
1,0.6178,0.856,0.6666,0.7744,0.6834,0.69786,0.6739,0.4763,0.5322
1,0.6178,0.85194,0.6651,0.76908,0.6877,0.69564,0.6768,0.47732,0.5319
1,0.6178,0.8562,0.6646,0.77472,0.6876,0.69564,0.678,0.47676,0.5153
1,0.6178,0.85662,0.6661,0.77408,0.6786,0.69664,0.6826,0.47684,0.5208
1,0.6178,0.855,0.6645,0.76826,0.6851,0.69736,0.6808,0.47332,0.5296
1,0.6178,0.85786,0.6718,0.77266,0.6824,0.6989,0.6766,0.47134,0.5361
1,0.6178,0.85258,0.6688,0.77342,0.6812,0.69418,0.6838,0.478,0.5352
1,0.6178,0.85608,0.6696,0.7688,0.6802,0.69784,0.6809,0.47844,0.5389
1,0.6178,0.85276,0.6667,0.77086,0.6862,0.69676,0.6885,0.47942,0.5195
1,0.6178,0.85754,0.6672,0.76736,0.6718,0.69152,0.6689,0.4827,0.528
1,0.6178,0.857,0.6708,0.77024,0.6831,0.69726,0.6703,0.47568,0.5318
1,0.6178,0.84938,0.6604,0.76984,0.6773,0.69756,0.681,0.48122,0.5097
1,0.6178,0.85732,0.669,0.7734,0.6846,0.69768,0.6704,0.4676,0.5268
1,0.6178,0.85604,0.6687,0.77366,0.6833,0.69956,0.6799,0.48022,0.5362
1,0.6178,0.85682,0.6693,0.77386,0.6841,0.6944,0.6813,0.48444,0.5352
1,0.6178,0.85668,0.6642,0.77294,0.6819,0.69728,0.6868,0.4768,0.525
1,0.6178,0.85476,0.6657,0.77198,0.6831,0.70246,0.682,0.4732,0.5259
1,0.6178,0.85388,0.6596,0.77256,0.6827,0.69814,0.6816,0.47842,0.5302
1,0.6178,0.85516,0.6622,0.77356,0.6842,0.69332,0.6797,0.47476,0.5181
1,0.6178,0.85352,0.6724,0.77498,0.6819,0.69756,0.6861,0.47996,0.5233
1,0.6178,0.85608,0.6631,0.77806,0.6837,0.6965,0.6826,0.48018,0.529
1,0.6178,0.85714,0.6679,0.77174,0.6794,0.69744,0.6852,0.47622,0.5294
1,0.6178,0.8548,0.6557,0.76498,0.6813,0.70014,0.6799,0.47812,0.5276
1,0.6178,0.8527,0.6645,0.77556,0.6858,0.69882,0.6819,0.48,0.532
1,0.6178,0.85614,0.6626,0.77498,0.6853,0.69806,0.6705,0.48444,0.5275
1,0.6178,0.86042,0.6622,0.77228,0.6777,0.69756,0.6799,0.47426,0.5078
1,0.6178,0.85588,0.659,0.77366,0.6863,0.69932,0.6886,0.47586,0.504
1,0.6178,0.85738,0.6622,0.77026,0.6869,0.69184,0.6733,0.46456,0.5227
1,0.6178,0.85646,0.6643,0.77054,0.6836,0.70114,0.6788,0.47856,0.5232
1,0.6178,0.8553,0.6623,0.7698,0.6854,0.70032,0.6715,0.48386,0.5349
1,0.6178,0.85466,0.6653,0.76764,0.69,0.69764,0.6827,0.48234,0.5212
1,0.6178,0.85742,0.6677,0.77448,0.6868,0.69892,0.6872,0.48064,0.5408
1,0.6178,0.8571,0.6596,0.7748,0.6833,0.69796,0.6807,0.47264,0.5184
1,0.6178,0.8528,0.6638,0.77324,0.6845,0.69746,0.6806,0.48268,0.5345
1,0.6178,0.85324,0.6643,0.77372,0.6869,0.6993,0.6871,0.48146,0.5453
1,0.6178,0.8558,0.6638,0.77384,0.6875,0.69642,0.684,0.48078,0.533
1,0.6178,0.85408,0.65,0.77496,0.6843,0.70526,0.6777,0.4845,0.5277
1,0.6178,0.85622,0.668,0.77338,0.6853,0.70214,0.6873,0.4867,0.531
1,0.6178,0.85006,0.6672,0.76972,0.6853,0.69894,0.6857,0.47148,0.5363
1,0.6178,0.85782,0.6623,0.77462,0.6857,0.69158,0.6706,0.47444,0.5381
1,0.6178,0.8607,0.6749,0.77806,0.6871,0.69744,0.6793,0.4739,0.5324
1,0.6178,0.8595,0.6655,0.7734,0.6855,0.70264,0.6861,0.48274,0.5267
1,0.6178,0.85396,0.6677,0.7703,0.6819,0.69698,0.679,0.46878,0.5308
1,0.6178,0.85582,0.6625,0.76772,0.6863,0.69726,0.6737,0.4801,0.5292
1,0.6178,0.85946,0.661,0.77412,0.6843,0.69714,0.6762,0.48616,0.5264
1,0.6178,0.85478,0.6649,0.77232,0.682,0.69734,0.682,0.48008,0.5275
1,0.6178,0.85426,0.6679,0.7756,0.6882,0.70008,0.6772,0.4776,0.5295
1,0.6178,0.85748,0.6658,0.77148,0.6847,0.69908,0.6729,0.48632,0.5335
1,0.6178,0.85814,0.6667,0.7742,0.6781,0.69492,0.6809,0.48274,0.5263
1,0.6178,0.85234,0.6617,0.76786,0.6834,0.70206,0.6873,0.47824,0.5122
1,0.6178,0.8571,0.661,0.77512,0.6823,0.69786,0.6744,0.47424,0.5278
1,0.6178,0.85614,0.6651,0.7723,0.6804,0.6957,0.6783,0.4754,0.5294
1,0.6178,0.85932,0.6622,0.77072,0.6855,0.6986,0.6758,0.47272,0.5311
1,0.6178,0.85676,0.6678,0.771,0.6779,0.69414,0.6757,0.47602,0.5338
1,0.6178,0.85864,0.6629,0.773,0.6807,0.6996,0.6868,0.4761,0.5296
1,0.6178,0.85522,0.6656,0.775,0.6811,0.70044,0.6832,0.4794,0.5272
1,0.6178,0.85476,0.6685,0.77204,0.6839,0.69596,0.6798,0.4765,0.5212
1,0.6178,0.85864,0.6683,0.7725,0.6862,0.69492,0.6784,0.47656,0.532
1,0.6178,0.85878,0.662,0.77082,0.6754,0.69884,0.6803,0.48148,0.5328
1,0.6178,0.85708,0.6649,0.77354,0.6828,0.69666,0.6739,0.47968,0.5087
1,0.6178,0.8538,0.6638,0.76352,0.6786,0.69734,0.6851,0.467,0.5166
1,0.6178,0.85836,0.6676,0.77356,0.6773,0.70238,0.6814,0.47962,0.5357
1,0.6178,0.8556,0.6685,0.77164,0.6865,0.70192,0.6784,0.48128,0.5235
1,0.6178,0.8559,0.6656,0.77426,0.6867,0.69384,0.6776,0.48844,0.5363
1,0.6178,0.85824,0.6684,0.772,0.6852,0.70052,0.6787,0.48914,0.5278
1,0.6178,0.86114,0.6644,0.77384,0.6828,0.69478,0.6773,0.48284,0.5147
1,0.6178,0.85548,0.6604,0.77394,0.6851,0.6996,0.679,0.48154,0.5379
1,0.6178,0.85894,0.6636,0.77036,0.6834,0.69946,0.6839,0.47856,0.5256
1,0.6178,0.85106,0.6603,0.77194,0.6812,0.69828,0.6799,0.47214,0.5402
1,0.6178,0.85306,0.6606,0.77334,0.6821,0.69882,0.6816,0.48384,0.5323
1,0.6178,0.85744,0.6627,0.77614,0.6822,0.69504,0.6792,0.4881,0.5328
1,0.6178,0.85636,0.6656,0.77602,0.6821,0.7024,0.6847,0.4851,0.5349
1,0.6178,0.85902,0.6709,0.77132,0.6867,0.6968,0.6773,0.4807,0.5239
1,0.6178,0.85642,0.6662,0.77574,0.6827,0.69878,0.689,0.4715,0.5354
1,0.6178,0.856,0.6658,0.77328,0.6883,0.69968,0.6828,0.47852,0.524
1,0.6178,0.85554,0.6675,0.7719,0.6848,0.6991,0.6823,0.4787,0.5392
1,0.6178,0.85946,0.6685,0.77214,0.6861,0.6978,0.6831,0.479,0.5256
1,0.6178,0.8532,0.6586,0.77338,0.6805,0.69876,0.6786,0.48488,0.5311
1,0.6178,0.85312,0.6706,0.77232,0.6883,0.70056,0.6822,0.48148,0.5232
1,0.6178,0.85706,0.6694,0.77198,0.6883,0.6973,0.6851,0.4816,0.5413
1,0.6178,0.85492,0.6646,0.77296,0.6894,0.6956,0.6818,0.4858,0.5062
1,0.6178,0.85646,0.6688,0.77444,0.6839,0.69914,0.6689,0.47772,0.5298
1,0.6178,0.85692,0.6663,0.77002,0.6823,0.70138,0.6801,0.4863,0.5423
1,0.6178,0.85662,0.6642,0.77308,0.682,0.69872,0.6771,0.47564,0.535
1,0.6178,0.85704,0.6676,0.7749,0.6844,0.6986,0.6768,0.4809,0.5276
1,0.6178,0.85778,0.6658,0.77362,0.6829,0.69616,0.6851,0.48112,0.5401
1,0.6178,0.85598,0.6695,0.76838,0.6819,0.69496,0.68,0.48638,0.5379
1,0.6178,0.85856,0.6693,0.77474,0.6844,0.69966,0.681,0.46934,0.513
1,0.6178,0.85598,0.665,0.77224,0.6862,0.69978,0.6767,0.47522,0.5391
1,0.6178,0.85782,0.6709,0.77026,0.6838,0.69764,0.6788,0.47886,0.5234
1,0.6178,0.85724,0.668,0.76928,0.6807,0.70088,0.6806,0.48196,0.539
1,0.6178,0.8578,0.6654,0.77152,0.6819,0.69652,0.6889,0.47764,0.5323
1,0.6178,0.859,0.669,0.77016,0.6889,0.69988,0.6736,0.48172,0.5324
1,0.6178,0.85616,0.6573,0.77162,0.6875,0.69886,0.6732,0.48096,0.5367
1,0.6178,0.85354,0.6619,0.7754,0.6842,0.69648,0.6707,0.47856,0.5371
1,0.6178,0.8577,0.6713,0.77264,0.6839,0.6999,0.6807,0.47088,0.5118
1,0.6178,0.85218,0.6658,0.77328,0.6857,0.6995,0.6757,0.47744,0.5178
1,0.6178,0.8589,0.6719,0.77692,0.6869,0.68832,0.6771,0.47884,0.5428
1,0.6178,0.8591,0.6665,0.77512,0.6875,0.69968,0.6779,0.49096,0.5346
1,0.6178,0.86114,0.6615,0.76898,0.683,0.70088,0.6767,0.48742,0.5283
1,0.6178,0.86202,0.6632,0.77174,0.685,0.69766,0.6777,0.48906,0.5296
1,0.6178,0.8521,0.67,0.7763,0.6895,0.69924,0.6785,0.48646,0.5454
1,0.6178,0.85648,0.6655,0.76618,0.6855,0.69534,0.68,0.48398,0.5362
1,0.6178,0.86076,0.6666,0.77482,0.6839,0.69662,0.6843,0.48248,0.5292
1,0.6178,0.85396,0.665,0.76948,0.6856,0.6957,0.6829,0.48868,0.5271
1,0.6178,0.86004,0.6642,0.77464,0.6819,0.6964,0.6665,0.48026,0.5413
1,0.6178,0.86198,0.6673,0.77036,0.6855,0.69736,0.6767,0.47672,0.5303
1,0.6178,0.85748,0.666,0.77012,0.68,0.6961,0.6714,0.47096,0.5424
1,0.6178,0.85996,0.6633,0.77662,0.6858,0.70026,0.6875,0.47516,0.5211
1,0.6178,0.85272,0.667,0.77322,0.6865,0.69808,0.6751,0.4881,0.5334
1,0.6178,0.85338,0.6604,0.7728,0.6816,0.69996,0.6754,0.4815,0.5278
1,0.6178,0.85724,0.6604,0.77454,0.6853,0.70314,0.6823,0.47822,0.5418
1,0.6178,0.86182,0.6674,0.77544,0.6845,0.70216,0.6795,0.4842,0.5303
1,0.6178,0.85434,0.6656,0.77398,0.6876,0.70188,0.6846,0.48014,0.5298
1,0.6178,0.85958,0.6661,0.77304,0.6762,0.69906,0.6842,0.48708,0.543
1,0.6178,0.85316,0.6583,0.76828,0.6867,0.69984,0.6778,0.49064,0.5154
1,0.6178,0.85682,0.6621,0.77106,0.6853,0.70004,0.6763,0.47898,0.538
1,0.6178,0.85384,0.6698,0.77122,0.6825,0.70004,0.6685,0.48438,0.5319
1,0.6178,0.85666,0.6611,0.77394,0.6839,0.69942,0.6824,0.4879,0.5403
1,0.6178,0.85884,0.6619,0.77462,0.6846,0.70056,0.6727,0.47098,0.5372
1,0.6178,0.85514,0.6655,0.7722,0.6875,0.7027,0.6823,0.4803,0.5347
1,0.6178,0.85774,0.6652,0.77472,0.6856,0.69538,0.6745,0.47898,0.5302
1,0.6178,0.8582,0.6659,0.77006,0.6811,0.69762,0.6821,0.48562,0.5164
1,0.6178,0.85904,0.6663,0.77282,0.6883,0.69642,0.6822,0.47722,0.529
1,0.6178,0.85544,0.6609,0.7742,0.6815,0.69786,0.6729,0.47938,0.5301
1,0.6178,0.8569,0.6631,0.77052,0.6897,0.69986,0.6791,0.46944,0.5159
1,0.6178,0.85882,0.6673,0.7724,0.6842,0.69808,0.6795,0.47372,0.5115
1,0.6178,0.85756,0.6606,0.77398,0.681,0.7025,0.6771,0.48052,0.533
1,0.6178,0.85814,0.6643,0.7754,0.683,0.69688,0.6832,0.44434,0.5231
1,0.6178,0.85832,0.6619,0.77384,0.6861,0.69372,0.6841,0.47768,0.532
1,0.6178,0.8544,0.6636,0.773,0.688,0.70154,0.6865,0.47282,0.5185
1,0.6178,0.85616,0.6615,0.77696,0.6837,0.69988,0.6723,0.47714,0.5331
1,0.6178,0.85606,0.6586,0.77426,0.6836,0.69706,0.6784,0.479,0.5358
1,0.6178,0.85566,0.6628,0.7705,0.6768,0.70128,0.6782,0.48314,0.5308
1,0.6178,0.8604,0.664,0.77656,0.6817,0.69906,0.6869,0.46278,0.5365
1,0.6178,0.86006,0.6702,0.77216,0.6868,0.70032,0.6714,0.48564,0.5431
1,0.6178,0.85538,0.6649,0.77002,0.6785,0.69708,0.68,0.48022,0.5404
1,0.6178,0.85902,0.6636,0.77138,0.6858,0.70116,0.6838,0.48166,0.5437
1,0.6178,0.85866,0.6651,0.7787,0.6859,0.69926,0.6787,0.48352,0.5354
1,0.6178,0.85916,0.6651,0.77152,0.6877,0.69974,0.6798,0.49122,0.5233
1,0.6178,0.85712,0.6671,0.77542,0.6872,0.69928,0.6807,0.48178,0.5472
1,0.6178,0.85834,0.665,0.77246,0.6843,0.7003,0.6763,0.48834,0.5388
1,0.6178,0.86034,0.6641,0.77288,0.6856,0.6991,0.6797,0.47372,0.5067
1,0.6178,0.85744,0.6653,0.76972,0.686,0.69912,0.6777,0.47102,0.5208
1,0.6178,0.85684,0.6606,0.77626,0.6826,0.70148,0.6819,0.47866,0.536
1,0.6178,0.85514,0.6624,0.7759,0.6793,0.69712,0.6794,0.48734,0.5337
1,0.6178,0.85648,0.6644,0.77616,0.6834,0.7011,0.6806,0.48648,0.5366
1,0.6178,0.85828,0.6664,0.76844,0.686,0.69824,0.6773,0.47616,0.5354
1,0.6178,0.8615,0.6691,0.77626,0.6829,0.6977,0.6786,0.4643,0.5338
1,0.6178,0.85586,0.6601,0.7667,0.6808,0.69634,0.6775,0.4791,0.541
1,0.6178,0.85602,0.6645,0.77344,0.6833,0.69976,0.6847,0.47578,0.5299
1,0.6178,0.85522,0.661,0.77176,0.6878,0.6984,0.6739,0.47858,0.5136
1,0.6178,0.85718,0.6657,0.77492,0.6855,0.69506,0.672,0.47614,0.5404
1,0.6178,0.86072,0.6675,0.77146,0.6785,0.7051,0.6868,0.4891,0.5348
1,0.6178,0.85974,0.6706,0.76868,0.6814,0.69808,0.6791,0.48136,0.5382
1,0.6178,0.8591,0.6653,0.7768,0.6869,0.69512,0.679,0.48374,0.5364
1,0.6178,0.85992,0.666,0.7727,0.6844,0.70338,0.6847,0.484,0.5262
1,0.6178,0.8521,0.6624,0.7725,0.6874,0.69872,0.6823,0.47608,0.5362
1,0.6178,0.85644,0.6681,0.7769,0.6756,0.70328,0.68,0.47024,0.533
1,0.6178,0.86118,0.6656,0.77776,0.6843,0.6954,0.6822,0.47874,0.5454
1,0.6178,0.86036,0.6554,0.77528,0.6867,0.70186,0.6849,0.48908,0.5386
1,0.6178,0.8561,0.6629,0.7775,0.6819,0.69806,0.6872,0.483,0.5415
1,0.6178,0.85838,0.6656,0.77142,0.6822,0.6989,0.6843,0.48432,0.5334
1,0.6178,0.86068,0.6666,0.77496,0.6866,0.6982,0.6758,0.48442,0.5354
1,0.6178,0.85798,0.6627,0.77308,0.6869,0.69878,0.6845,0.4839,0.5409
1,0.6178,0.85682,0.6655,0.77366,0.6854,0.69806,0.6868,0.48258,0.5347
1,0.6178,0.8594,0.6602,0.77316,0.6877,0.69532,0.6851,0.47146,0.5136
1,0.6178,0.85946,0.6681,0.77718,0.6861,0.69206,0.6795,0.47668,0.5366
1,0.6178,0.85884,0.6666,0.77286,0.6787,0.70086,0.6846,0.48456,0.5293
1,0.6178,0.86162,0.6636,0.7749,0.6811,0.69762,0.6837,0.48616,0.5318
1,0.6178,0.8574,0.6664,0.76902,0.6869,0.70026,0.68,0.48526,0.5428
1,0.6178,0.85992,0.6603,0.77338,0.68,0.70026,0.6833,0.48184,0.5257
1,0.6178,0.85866,0.6605,0.76786,0.6764,0.69252,0.6797,0.47252,0.5375
1,0.6178,0.85742,0.666,0.77176,0.6838,0.70098,0.6815,0.48446,0.5364
1,0.6178,0.85982,0.6644,0.77444,0.6873,0.69974,0.6769,0.48434,0.5337
1,0.6178,0.8585,0.6636,0.77142,0.6743,0.70048,0.6735,0.47936,0.5292
1,0.6178,0.85744,0.6585,0.7752,0.6832,0.69904,0.6783,0.47784,0.5311
1,0.6178,0.85934,0.6583,0.77688,0.6832,0.6966,0.676,0.49028,0.5281
1,0.6178,0.854,0.667,0.77512,0.684,0.69642,0.674,0.47708,0.5158
1,0.6178,0.86002,0.6633,0.77082,0.6845,0.7014,0.6833,0.48402,0.5431
1,0.6178,0.85964,0.6625,0.77606,0.6895,0.70346,0.6829,0.48554,0.5321
1,0.6178,0.86126,0.6593,0.77858,0.6866,0.70206,0.6747,0.48156,0.5396
1,0.6178,0.85842,0.6609,0.77152,0.6804,0.70174,0.6818,0.49342,0.5399
1,0.6178,0.85848,0.6583,0.7695,0.6797,0.70218,0.6732,0.489,0.5375
1,0.6178,0.85822,0.6584,0.77066,0.6854,0.69636,0.683,0.48286,0.5464
1,0.6178,0.85918,0.6608,0.77082,0.6841,0.69866,0.6804,0.48176,0.5361
1,0.6178,0.85498,0.6619,0.77606,0.6874,0.70074,0.6803,0.48146,0.5374
1,0.6178,0.85892,0.6622,0.77332,0.6849,0.69918,0.6774,0.48426,0.5409
1,0.6178,0.85936,0.6651,0.77186,0.6843,0.70028,0.6771,0.48514,0.5278
1,0.6178,0.85732,0.6648,0.77734,0.6833,0.6977,0.6699,0.48326,0.541
1,0.6178,0.8554,0.6685,0.77416,0.6871,0.69532,0.6824,0.48038,0.5159
1,0.6178,0.85792,0.6651,0.77608,0.6831,0.70138,0.6845,0.47414,0.5283
1,0.6178,0.8586,0.6595,0.77448,0.6844,0.69724,0.6858,0.48412,0.542
1,0.6178,0.85708,0.6705,0.7784,0.6854,0.70374,0.6845,0.48252,0.5407
1,0.6178,0.85854,0.6651,0.77184,0.6737,0.7003,0.6848,0.4772,0.5371
1,0.6178,0.85678,0.6607,0.77344,0.6789,0.69422,0.6855,0.48786,0.5521
1,0.6178,0.85878,0.6649,0.7744,0.6854,0.70116,0.6777,0.48474,0.5417
1,0.6178,0.86138,0.6612,0.77754,0.68,0.7035,0.6715,0.48014,0.547
1,0.6178,0.85754,0.6653,0.77088,0.6796,0.6962,0.6801,0.45034,0.5366
1,0.6178,0.86014,0.665,0.7684,0.6821,0.70172,0.6841,0.48148,0.5345
1,0.6178,0.8611,0.6665,0.7718,0.6855,0.7036,0.6873,0.47832,0.5328
1,0.6178,0.8616,0.6604,0.7718,0.6799,0.70186,0.6858,0.48306,0.5307
1,0.6178,0.85902,0.6628,0.77314,0.684,0.69968,0.6847,0.4793,0.5385
1,0.6178,0.8615,0.6639,0.77546,0.6723,0.70136,0.6794,0.47774,0.5393
1,0.6178,0.8604,0.6622,0.77636,0.6816,0.6906,0.6753,0.47808,0.5196
1,0.6178,0.85886,0.6679,0.7767,0.6775,0.69716,0.6827,0.48456,0.5353
1,0.6178,0.8589,0.662,0.77366,0.6797,0.70282,0.6867,0.48428,0.539
1,0.6178,0.86348,0.6649,0.77808,0.6837,0.69946,0.6745,0.48876,0.5282
1,0.6178,0.85648,0.6647,0.77526,0.6813,0.69872,0.6863,0.48494,0.5277
1,0.6178,0.85974,0.6606,0.7762,0.6801,0.7005,0.6813,0.48746,0.5217
1,0.6178,0.86044,0.6613,0.77194,0.6872,0.69348,0.6813,0.47466,0.5233
1,0.6178,0.86226,0.6602,0.77334,0.6833,0.69566,0.6771,0.48238,0.5286
1,0.6178,0.85828,0.6665,0.77354,0.6758,0.7024,0.6804,0.48742,0.5232
1,0.6178,0.86262,0.6641,0.76986,0.6871,0.70028,0.6849,0.47572,0.5271
1,0.6178,0.86026,0.6679,0.77464,0.6824,0.70398,0.6846,0.4779,0.5338
1,0.6178,0.86196,0.6664,0.77474,0.6837,0.6966,0.6849,0.488,0.5476
1,0.6178,0.85924,0.6634,0.7741,0.6804,0.70246,0.6845,0.48934,0.5423
1,0.6178,0.86254,0.6635,0.7742,0.6808,0.70466,0.6854,0.48684,0.5416
1,0.6178,0.85716,0.6677,0.77274,0.6831,0.70068,0.679,0.479,0.5109
1,0.6178,0.85756,0.6589,0.77536,0.6791,0.70346,0.6851,0.47938,0.5175
1,0.6178,0.86324,0.6667,0.77482,0.6867,0.7026,0.6743,0.47916,0.5351
1,0.6178,0.85948,0.6604,0.778,0.6818,0.69846,0.6875,0.48308,0.5348
1,0.6178,0.86024,0.6674,0.77222,0.6821,0.6987,0.6833,0.47426,0.5465
1,0.6178,0.86192,0.6667,0.7682,0.6804,0.69558,0.6814,0.47704,0.5406
1,0.6178,0.86056,0.6655,0.7716,0.6849,0.69748,0.6833,0.48614,0.54
1,0.6178,0.86056,0.6667,0.7715,0.6845,0.69632,0.6775,0.49346,0.526
1,0.6178,0.85476,0.6622,0.77488,0.6827,0.70186,0.6806,0.4821,0.5254
1,0.6178,0.85612,0.6546,0.77584,0.6647,0.70392,0.68,0.48288,0.5384
1,0.6178,0.85686,0.6674,0.77572,0.6828,0.68886,0.6786,0.48124,0.538
1,0.6178,0.86338,0.6625,0.77524,0.6855,0.69548,0.685,0.48046,0.5248
1,0.6178,0.8615,0.6604,0.77504,0.6839,0.69702,0.6847,0.46488,0.5385
1,0.6178,0.85856,0.6616,0.77282,0.6811,0.6998,0.6753,0.47392,0.5358
1,0.6178,0.85274,0.6616,0.77338,0.6829,0.70184,0.6806,0.4795,0.5305
1,0.6178,0.85938,0.6602,0.76856,0.6824,0.70028,0.6814,0.48478,0.5447
1,0.6178,0.85902,0.6705,0.76946,0.6872,0.70186,0.672,0.48234,0.5396
1,0.6178,0.8598,0.6604,0.76954,0.6787,0.69834,0.6793,0.48282,0.5395
1,0.6178,0.85986,0.6622,0.77364,0.6843,0.70258,0.6803,0.48484,0.5331
1,0.6178,0.85636,0.6681,0.77576,0.6811,0.70012,0.6809,0.48106,0.535
1,0.6178,0.85774,0.6633,0.77492,0.6837,0.70172,0.6903,0.4748,0.5239
1,0.6178,0.85884,0.661,0.77642,0.6797,0.70418,0.6843,0.4732,0.5399
1,0.6178,0.86076,0.6659,0.77634,0.6846,0.70088,0.6808,0.47972,0.5143
1,0.6178,0.85844,0.665,0.77904,0.6853,0.6989,0.6795,0.47364,0.5392
1,0.6178,0.85868,0.6541,0.77716,0.686,0.70226,0.6863,0.48122,0.5374
1,0.6178,0.85804,0.6618,0.77304,0.6838,0.70164,0.6834,0.48388,0.5373
1,0.6178,0.85928,0.6592,0.77582,0.6824,0.69788,0.6869,0.48376,0.5412
1,0.6178,0.86004,0.665,0.77646,0.683,0.70242,0.6808,0.48294,0.5268
1,0.6178,0.86132,0.6611,0.77654,0.6892,0.69812,0.6737,0.48346,0.5247
1,0.6178,0.86086,0.6703,0.77894,0.6804,0.69786,0.6821,0.48622,0.542
1,0.6178,0.86084,0.6637,0.77238,0.68,0.7,0.6867,0.48506,0.5432
1,0.6178,0.85592,0.6624,0.77378,0.6871,0.70046,0.6703,0.48526,0.5392
